t_rel_s,memory_used_mib,memory_total_mib,gpu_util_pct,memory_util_pct,power_w,temperature_c,sm_clock_mhz
0.0021670000005542533,24383.328125,24564.0,100.0,1.0,96.768,45.0,2685.0
0.06262020000031043,24383.328125,24564.0,100.0,1.0,96.768,45.0,2685.0
0.12581450000106997,24383.328125,24564.0,100.0,1.0,96.768,45.0,2685.0
0.1875739999995858,24383.328125,24564.0,100.0,1.0,96.768,45.0,2685.0
0.2501578999999765,24383.328125,24564.0,100.0,1.0,96.768,45.0,2685.0
0.3110078000008798,24383.328125,24564.0,100.0,1.0,96.768,45.0,2685.0
0.37253210000017134,24383.328125,24564.0,99.0,9.0,130.165,53.0,2685.0
0.4358021000007284,24383.328125,24564.0,99.0,9.0,130.165,53.0,2685.0
0.4974134000003687,24383.328125,24564.0,99.0,9.0,130.165,53.0,2685.0
0.5598026000006939,24383.328125,24564.0,99.0,9.0,130.165,53.0,2685.0
0.6234454999994341,24383.328125,24564.0,99.0,9.0,130.165,53.0,2685.0
0.6853487999997014,24383.328125,24564.0,99.0,9.0,130.165,53.0,2685.0
0.7479604000000108,24383.328125,24564.0,99.0,9.0,130.165,53.0,2685.0
0.8097087000005558,24383.328125,24564.0,99.0,9.0,130.165,53.0,2685.0
0.8725316000000021,24383.328125,24564.0,100.0,1.0,161.507,47.0,2685.0
0.9340501999995467,24383.328125,24564.0,100.0,1.0,161.507,47.0,2685.0
0.9972102000010636,24383.328125,24564.0,100.0,1.0,161.507,47.0,2685.0
1.0586975999995047,24383.328125,24564.0,100.0,1.0,161.507,47.0,2685.0
1.1201495000004797,24383.328125,24564.0,100.0,1.0,161.507,47.0,2685.0
1.1821782000006351,24383.328125,24564.0,100.0,1.0,161.507,47.0,2685.0
1.2436424999996234,24383.328125,24564.0,100.0,1.0,161.507,47.0,2685.0
1.3069613999996363,24383.328125,24564.0,100.0,1.0,161.507,47.0,2685.0
1.3697611999996298,24383.328125,24564.0,100.0,1.0,141.254,46.0,2685.0
1.4325712000008934,24383.328125,24564.0,100.0,1.0,141.254,46.0,2685.0
1.4942492999998649,24383.328125,24564.0,100.0,1.0,141.254,46.0,2685.0
1.5561593000002176,24383.328125,24564.0,100.0,1.0,141.254,46.0,2685.0
1.6180414000009478,24383.328125,24564.0,100.0,1.0,141.254,46.0,2685.0
1.6808029000003444,24383.328125,24564.0,100.0,1.0,141.254,46.0,2685.0
1.7436121000009734,24383.328125,24564.0,100.0,1.0,141.254,46.0,2685.0
1.80430669999987,24383.328125,24564.0,100.0,1.0,141.254,46.0,2685.0
1.8669771000004403,24383.328125,24564.0,100.0,1.0,141.254,46.0,2685.0
1.9297248000002583,24383.328125,24564.0,100.0,1.0,94.911,46.0,2685.0
1.991300699999556,24383.328125,24564.0,100.0,1.0,94.911,46.0,2685.0
2.052288700000645,24383.328125,24564.0,100.0,1.0,94.911,46.0,2685.0
2.112928099999408,24383.328125,24564.0,100.0,1.0,94.911,46.0,2685.0
2.1751323000007687,24383.328125,24564.0,100.0,1.0,94.911,46.0,2685.0
2.236081799999738,24383.328125,24564.0,100.0,1.0,94.911,46.0,2685.0
2.297975100000258,24383.328125,24564.0,100.0,1.0,94.911,46.0,2685.0
2.361332800001037,24383.328125,24564.0,100.0,1.0,94.911,46.0,2685.0
2.4221137999993516,24383.328125,24564.0,100.0,1.0,95.075,46.0,2685.0
2.483334200000172,24383.328125,24564.0,100.0,1.0,95.075,46.0,2685.0
2.5455983000010747,24383.328125,24564.0,100.0,1.0,95.075,46.0,2685.0
2.6079069999996136,24383.328125,24564.0,100.0,1.0,95.075,46.0,2685.0
2.6681504000007408,24383.328125,24564.0,100.0,1.0,95.075,46.0,2685.0
2.728965899999821,24383.328125,24564.0,100.0,1.0,95.075,46.0,2685.0
2.7913674999999785,24383.328125,24564.0,100.0,1.0,95.075,46.0,2685.0
2.853012600000511,24383.328125,24564.0,100.0,1.0,95.075,46.0,2685.0
2.9157460000005813,24383.328125,24564.0,100.0,1.0,94.373,46.0,2685.0
2.977517600000283,24383.328125,24564.0,100.0,1.0,94.373,46.0,2685.0
3.0398330000007263,24383.328125,24564.0,100.0,1.0,94.373,46.0,2685.0
3.1017031999999745,24383.328125,24564.0,100.0,1.0,94.373,46.0,2685.0
3.164570500000991,24383.328125,24564.0,100.0,1.0,94.373,46.0,2685.0
3.227719200000138,24383.328125,24564.0,100.0,1.0,94.373,46.0,2685.0
3.289547300000777,24383.328125,24564.0,100.0,1.0,94.373,46.0,2685.0
3.35087250000106,24383.328125,24564.0,100.0,1.0,94.373,46.0,2685.0
3.4133610999997472,24383.328125,24564.0,100.0,1.0,94.545,46.0,2685.0
3.47567970000091,24383.328125,24564.0,100.0,1.0,94.545,46.0,2685.0
3.5373970000000554,24383.328125,24564.0,100.0,1.0,94.545,46.0,2685.0
3.5974378000009892,24383.328125,24564.0,100.0,1.0,94.545,46.0,2685.0
3.6586778000000777,24383.328125,24564.0,100.0,1.0,94.545,46.0,2685.0
3.7211220000008325,24383.328125,24564.0,100.0,1.0,94.545,46.0,2685.0
3.7826101000009658,24383.328125,24564.0,100.0,1.0,94.545,46.0,2685.0
3.8436166000010417,24383.328125,24564.0,100.0,1.0,94.545,46.0,2685.0
3.9057195000004867,24383.328125,24564.0,100.0,1.0,94.838,45.0,2685.0
3.968504899999971,24383.328125,24564.0,100.0,1.0,94.838,45.0,2685.0
4.0302733999997145,24383.328125,24564.0,100.0,1.0,94.838,45.0,2685.0
4.0924255000009,24383.328125,24564.0,100.0,1.0,94.838,45.0,2685.0
4.154627899999468,24383.328125,24564.0,100.0,1.0,94.838,45.0,2685.0
4.216049500000736,24383.328125,24564.0,100.0,1.0,94.838,45.0,2685.0
4.277802300000985,24383.328125,24564.0,100.0,1.0,94.838,45.0,2685.0
4.339502200000425,24383.328125,24564.0,100.0,1.0,94.838,45.0,2685.0
4.402415800001108,24383.328125,24564.0,100.0,1.0,93.935,45.0,2685.0
4.464332300000024,24383.328125,24564.0,100.0,1.0,93.935,45.0,2685.0
4.5271324000004824,24383.328125,24564.0,100.0,1.0,93.935,45.0,2685.0
4.589320999999472,24383.328125,24564.0,100.0,1.0,93.935,45.0,2685.0
4.651180700000623,24383.328125,24564.0,100.0,1.0,93.935,45.0,2685.0
4.713196300001073,24383.328125,24564.0,100.0,1.0,93.935,45.0,2685.0
4.773833000001105,24383.328125,24564.0,100.0,1.0,93.935,45.0,2685.0
4.835636699999668,24383.328125,24564.0,100.0,1.0,93.935,45.0,2685.0
4.89610410000023,24383.328125,24564.0,100.0,8.0,118.566,53.0,2685.0
4.957700200000545,24383.328125,24564.0,100.0,8.0,118.566,53.0,2685.0
5.019775599999775,24383.328125,24564.0,100.0,8.0,118.566,53.0,2685.0
5.082280399999945,24383.328125,24564.0,100.0,8.0,118.566,53.0,2685.0
5.14233460000105,24383.328125,24564.0,100.0,8.0,118.566,53.0,2685.0
5.203531799999837,24383.328125,24564.0,100.0,8.0,118.566,53.0,2685.0
5.264752700000827,24383.328125,24564.0,100.0,8.0,118.566,53.0,2685.0
5.325996900000973,24383.328125,24564.0,100.0,8.0,118.566,53.0,2685.0
5.386831100000563,24383.328125,24564.0,100.0,1.0,168.247,47.0,2685.0
5.448439699999653,24383.328125,24564.0,100.0,1.0,168.247,47.0,2685.0
5.510914200000116,24383.328125,24564.0,100.0,1.0,168.247,47.0,2685.0
5.572269700000106,24383.328125,24564.0,100.0,1.0,168.247,47.0,2685.0
5.632500800000344,24383.328125,24564.0,100.0,1.0,168.247,47.0,2685.0
5.694410699999935,24383.328125,24564.0,100.0,1.0,168.247,47.0,2685.0
5.756198700000823,24383.328125,24564.0,100.0,1.0,168.247,47.0,2685.0
5.818402200000492,24383.328125,24564.0,100.0,1.0,168.247,47.0,2685.0
5.8813036999999895,24383.328125,24564.0,100.0,1.0,141.376,46.0,2685.0
5.944377699999677,24383.328125,24564.0,100.0,1.0,141.376,46.0,2685.0
6.006255599999349,24383.328125,24564.0,100.0,1.0,141.376,46.0,2685.0
6.0672137000001385,24383.328125,24564.0,100.0,1.0,141.376,46.0,2685.0
6.128020699999979,24383.328125,24564.0,100.0,1.0,141.376,46.0,2685.0
6.190005300000848,24383.328125,24564.0,100.0,1.0,141.376,46.0,2685.0
6.252177599999413,24383.328125,24564.0,100.0,1.0,141.376,46.0,2685.0
6.3135671,24383.328125,24564.0,100.0,1.0,141.376,46.0,2685.0
6.377283499999976,24383.328125,24564.0,100.0,1.0,95.182,46.0,2685.0
6.438025800000105,24383.328125,24564.0,100.0,1.0,95.182,46.0,2685.0
6.499958000000333,24383.328125,24564.0,100.0,1.0,95.182,46.0,2685.0
6.561279400000785,24383.328125,24564.0,100.0,1.0,95.182,46.0,2685.0
6.622932899999796,24383.328125,24564.0,100.0,1.0,95.182,46.0,2685.0
6.684773400000267,24383.328125,24564.0,100.0,1.0,95.182,46.0,2685.0
6.74707330000092,24383.328125,24564.0,100.0,1.0,95.182,46.0,2685.0
6.807195299999876,24383.328125,24564.0,100.0,1.0,95.182,46.0,2685.0
6.867961699999796,24383.328125,24564.0,100.0,1.0,95.182,46.0,2685.0
6.929942099999607,24383.328125,24564.0,100.0,1.0,94.559,46.0,2685.0
6.991989000000103,24383.328125,24564.0,100.0,1.0,94.559,46.0,2685.0
7.054414500000348,24383.328125,24564.0,100.0,1.0,94.559,46.0,2685.0
7.117876899999828,24383.328125,24564.0,100.0,1.0,94.559,46.0,2685.0
7.179457600001115,24383.328125,24564.0,100.0,1.0,94.559,46.0,2685.0
7.2413233000006585,24383.328125,24564.0,100.0,1.0,94.559,46.0,2685.0
7.3031088000007,24383.328125,24564.0,100.0,1.0,94.559,46.0,2685.0
7.3644889000006515,24383.328125,24564.0,100.0,1.0,94.559,46.0,2685.0
7.426189899999372,24383.328125,24564.0,100.0,1.0,93.874,46.0,2685.0
7.4879885999998805,24383.328125,24564.0,100.0,1.0,93.874,46.0,2685.0
7.549135400000523,24383.328125,24564.0,100.0,1.0,93.874,46.0,2685.0
7.6118098000006285,24383.328125,24564.0,100.0,1.0,93.874,46.0,2685.0
7.672115200000917,24383.328125,24564.0,100.0,1.0,93.874,46.0,2685.0
7.732255500000974,24383.328125,24564.0,100.0,1.0,93.874,46.0,2685.0
7.7932992999994894,24383.328125,24564.0,100.0,1.0,93.874,46.0,2685.0
7.853616300000795,24383.328125,24564.0,100.0,1.0,93.874,46.0,2685.0
7.91425160000108,24383.328125,24564.0,100.0,1.0,94.57,46.0,2685.0
7.977088999999978,24383.328125,24564.0,100.0,1.0,94.57,46.0,2685.0
8.03739730000052,24383.328125,24564.0,100.0,1.0,94.57,46.0,2685.0
8.098071100001107,24383.328125,24564.0,100.0,1.0,94.57,46.0,2685.0
8.159509299999627,24383.328125,24564.0,100.0,1.0,94.57,46.0,2685.0
8.220201600001019,24383.328125,24564.0,100.0,1.0,94.57,46.0,2685.0
8.282507699999769,24383.328125,24564.0,100.0,1.0,94.57,46.0,2685.0
8.345247200000813,24383.328125,24564.0,100.0,1.0,94.57,46.0,2685.0
8.40799209999932,24383.328125,24564.0,100.0,1.0,94.179,46.0,2685.0
8.470146900001055,24383.328125,24564.0,100.0,1.0,94.179,46.0,2685.0
8.533620500000325,24383.328125,24564.0,100.0,1.0,94.179,46.0,2685.0
8.596817499999815,24383.328125,24564.0,100.0,1.0,94.179,46.0,2685.0
8.657319500000085,24383.328125,24564.0,100.0,1.0,94.179,46.0,2685.0
8.719004300000961,24383.328125,24564.0,100.0,1.0,94.179,46.0,2685.0
8.780579300000682,24383.328125,24564.0,100.0,1.0,94.179,46.0,2685.0
8.841448900000614,24383.328125,24564.0,100.0,1.0,94.179,46.0,2685.0
8.903699700000288,24383.328125,24564.0,100.0,1.0,94.183,45.0,2685.0
8.964415000000372,24383.328125,24564.0,100.0,1.0,94.183,45.0,2685.0
9.026257299999997,24383.328125,24564.0,100.0,1.0,94.183,45.0,2685.0
9.087470800001029,24383.328125,24564.0,100.0,1.0,94.183,45.0,2685.0
9.149205199999415,24383.328125,24564.0,100.0,1.0,94.183,45.0,2685.0
9.211626100001013,24383.328125,24564.0,100.0,1.0,94.183,45.0,2685.0
9.272518600000694,24383.328125,24564.0,100.0,1.0,94.183,45.0,2685.0
9.332934000000023,24383.328125,24564.0,100.0,1.0,94.183,45.0,2685.0
9.393532100000812,24383.328125,24564.0,100.0,1.0,93.911,46.0,2685.0
9.454266300001109,24383.328125,24564.0,100.0,1.0,93.911,46.0,2685.0
9.5173362000005,24383.328125,24564.0,100.0,1.0,93.911,46.0,2685.0
9.579620599999544,24383.328125,24564.0,100.0,1.0,93.911,46.0,2685.0
9.641329800000676,24383.328125,24564.0,100.0,1.0,93.911,46.0,2685.0
9.702681099999609,24383.328125,24564.0,100.0,1.0,93.911,46.0,2685.0
9.764549200001056,24383.328125,24564.0,100.0,1.0,93.911,46.0,2685.0
9.826877200001036,24383.328125,24564.0,100.0,1.0,93.911,46.0,2685.0
9.888174900001104,24383.328125,24564.0,97.0,31.0,98.194,46.0,2685.0
9.949782100000448,24383.328125,24564.0,97.0,31.0,98.194,46.0,2685.0
10.011236300000746,24383.328125,24564.0,97.0,31.0,98.194,46.0,2685.0
10.072464000000764,24383.328125,24564.0,97.0,31.0,98.194,46.0,2685.0
10.13464390000081,24383.328125,24564.0,97.0,31.0,98.194,46.0,2685.0
10.19617339999968,24383.328125,24564.0,97.0,31.0,98.194,46.0,2685.0
10.25686400000086,24383.328125,24564.0,97.0,31.0,98.194,46.0,2685.0
10.317567199999758,24383.328125,24564.0,97.0,31.0,98.194,46.0,2685.0
10.379349599999841,24383.328125,24564.0,97.0,26.0,99.89,45.0,2685.0
10.440510800000993,24383.328125,24564.0,97.0,26.0,99.89,45.0,2685.0
10.502447599999869,24383.328125,24564.0,97.0,26.0,99.89,45.0,2685.0
10.564326699999583,24383.328125,24564.0,97.0,26.0,99.89,45.0,2685.0
10.6262571999996,24383.328125,24564.0,97.0,26.0,99.89,45.0,2685.0
10.689108399999895,24383.328125,24564.0,97.0,26.0,99.89,45.0,2685.0
10.750789100000475,24383.328125,24564.0,97.0,26.0,99.89,45.0,2685.0
10.811818800000765,24383.328125,24564.0,97.0,26.0,99.89,45.0,2685.0
10.873275800000556,24383.328125,24564.0,91.0,23.0,99.817,45.0,2685.0
10.933848399999988,24383.328125,24564.0,91.0,23.0,99.817,45.0,2685.0
10.995970199999647,24383.328125,24564.0,91.0,23.0,99.817,45.0,2685.0
11.057057300000452,24383.328125,24564.0,91.0,23.0,99.817,45.0,2685.0
11.117615700000897,24383.328125,24564.0,91.0,23.0,99.817,45.0,2685.0
11.179103899999973,24383.328125,24564.0,91.0,23.0,99.817,45.0,2685.0
11.241342999999688,24383.328125,24564.0,91.0,23.0,99.817,45.0,2685.0
11.304680000001099,24383.328125,24564.0,91.0,23.0,99.817,45.0,2685.0
11.368137800000113,24383.328125,24564.0,91.0,23.0,99.817,45.0,2685.0
11.42802490000031,24383.328125,24564.0,99.0,24.0,99.981,45.0,2685.0
11.490756600000168,24383.328125,24564.0,99.0,24.0,99.981,45.0,2685.0
11.551236400000562,24383.328125,24564.0,99.0,24.0,99.981,45.0,2685.0
11.612498599999526,24383.328125,24564.0,99.0,24.0,99.981,45.0,2685.0
11.672260499999538,24383.328125,24564.0,99.0,24.0,99.981,45.0,2685.0
11.734017599999788,24383.328125,24564.0,99.0,24.0,99.981,45.0,2685.0
11.796094600000288,24383.328125,24564.0,99.0,24.0,99.981,45.0,2685.0
11.857233099999576,24383.328125,24564.0,99.0,24.0,99.981,45.0,2685.0
11.917950700000802,24383.328125,24564.0,100.0,1.0,99.641,45.0,2685.0
11.979686200000287,24383.328125,24564.0,100.0,1.0,99.641,45.0,2685.0
12.041944500000682,24383.328125,24564.0,100.0,1.0,99.641,45.0,2685.0
12.104336800000965,24383.328125,24564.0,100.0,1.0,99.641,45.0,2685.0
12.166250000000218,24383.328125,24564.0,100.0,1.0,99.641,45.0,2685.0
12.228036900000006,24383.328125,24564.0,100.0,1.0,99.641,45.0,2685.0
12.288873299999977,24383.328125,24564.0,100.0,1.0,99.641,45.0,2685.0
12.35161479999988,24383.328125,24564.0,100.0,1.0,99.641,45.0,2685.0
12.412279500000295,24383.328125,24564.0,100.0,1.0,99.872,45.0,2685.0
12.474971699999514,24383.328125,24564.0,100.0,1.0,99.872,45.0,2685.0
12.53784099999939,24383.328125,24564.0,100.0,1.0,99.872,45.0,2685.0
12.599949200000992,24383.328125,24564.0,100.0,1.0,99.872,45.0,2685.0
12.661272900000768,24383.328125,24564.0,100.0,1.0,99.872,45.0,2685.0
12.722139999999854,24383.328125,24564.0,100.0,1.0,99.872,45.0,2685.0
12.782147500000065,24383.328125,24564.0,100.0,1.0,99.872,45.0,2685.0
12.843318799999906,24383.328125,24564.0,100.0,1.0,99.872,45.0,2685.0
12.904271900000822,24383.328125,24564.0,100.0,1.0,96.333,45.0,2685.0
12.9672386000002,24383.328125,24564.0,100.0,1.0,96.333,45.0,2685.0
13.02798040000016,24383.328125,24564.0,100.0,1.0,96.333,45.0,2685.0
13.08993030000056,24383.328125,24564.0,100.0,1.0,96.333,45.0,2685.0
13.152241600000707,24383.328125,24564.0,100.0,1.0,96.333,45.0,2685.0
13.21394760000112,24383.328125,24564.0,100.0,1.0,96.333,45.0,2685.0
13.276013099999545,24383.328125,24564.0,100.0,1.0,96.333,45.0,2685.0
13.336259900001096,24383.328125,24564.0,100.0,1.0,96.333,45.0,2685.0
13.396732299999712,24383.328125,24564.0,99.0,1.0,96.361,45.0,2685.0
13.458823400000256,24383.328125,24564.0,99.0,1.0,96.361,45.0,2685.0
13.521349599999667,24383.328125,24564.0,99.0,1.0,96.361,45.0,2685.0
13.582302099999652,24383.328125,24564.0,99.0,1.0,96.361,45.0,2685.0
13.643581100001029,24383.328125,24564.0,99.0,1.0,96.361,45.0,2685.0
13.70532749999984,24383.328125,24564.0,99.0,1.0,96.361,45.0,2685.0
13.76578150000023,24383.328125,24564.0,99.0,1.0,96.361,45.0,2685.0
13.828357100001085,24383.328125,24564.0,99.0,1.0,96.361,45.0,2685.0
13.88821740000094,24383.328125,24564.0,99.0,1.0,96.571,45.0,2685.0
13.950289500000508,24383.328125,24564.0,99.0,1.0,96.571,45.0,2685.0
14.01225549999981,24383.328125,24564.0,99.0,1.0,96.571,45.0,2685.0
14.074565200000507,24383.328125,24564.0,99.0,1.0,96.571,45.0,2685.0
14.136865399999806,24383.328125,24564.0,99.0,1.0,96.571,45.0,2685.0
14.198157900000297,24383.328125,24564.0,99.0,1.0,96.571,45.0,2685.0
14.259882500000458,24383.328125,24564.0,99.0,1.0,96.571,45.0,2685.0
14.321168300000863,24383.328125,24564.0,99.0,1.0,96.571,45.0,2685.0
14.3824268999997,24383.328125,24564.0,100.0,1.0,96.767,45.0,2685.0
14.444672100000389,24383.328125,24564.0,100.0,1.0,96.767,45.0,2685.0
14.506255300000703,24383.328125,24564.0,100.0,1.0,96.767,45.0,2685.0
14.568202800001018,24383.328125,24564.0,100.0,1.0,96.767,45.0,2685.0
14.62939170000027,24383.328125,24564.0,100.0,1.0,96.767,45.0,2685.0
14.691521300001114,24383.328125,24564.0,100.0,1.0,96.767,45.0,2685.0
14.753322399999888,24383.328125,24564.0,100.0,1.0,96.767,45.0,2685.0
14.814470499999516,24383.328125,24564.0,100.0,1.0,96.767,45.0,2685.0
14.877175400000851,24383.328125,24564.0,100.0,1.0,96.634,45.0,2685.0
14.940173299999515,24383.328125,24564.0,100.0,1.0,96.634,45.0,2685.0
15.002405799999906,24383.328125,24564.0,100.0,1.0,96.634,45.0,2685.0
15.063483600000836,24383.328125,24564.0,100.0,1.0,96.634,45.0,2685.0
15.126009300000078,24383.328125,24564.0,100.0,1.0,96.634,45.0,2685.0
15.18722660000094,24383.328125,24564.0,100.0,1.0,96.634,45.0,2685.0
15.248058499999388,24383.328125,24564.0,100.0,1.0,96.634,45.0,2685.0
15.310623100000157,24383.328125,24564.0,100.0,1.0,96.634,45.0,2685.0
15.372381799999857,24383.328125,24564.0,100.0,1.0,96.43,45.0,2685.0
15.433933300000717,24383.328125,24564.0,100.0,1.0,96.43,45.0,2685.0
15.496372699999483,24383.328125,24564.0,100.0,1.0,96.43,45.0,2685.0
15.55789779999941,24383.328125,24564.0,100.0,1.0,96.43,45.0,2685.0
15.62058419999994,24383.328125,24564.0,100.0,1.0,96.43,45.0,2685.0
15.682183099999747,24383.328125,24564.0,100.0,1.0,96.43,45.0,2685.0
15.744329499999367,24383.328125,24564.0,100.0,1.0,96.43,45.0,2685.0
15.805980600000112,24383.328125,24564.0,100.0,1.0,96.43,45.0,2685.0
15.867768300000535,24383.328125,24564.0,100.0,1.0,96.43,45.0,2685.0
15.930015100000674,24383.328125,24564.0,98.0,16.0,98.099,46.0,2685.0
15.991437200000291,24383.328125,24564.0,98.0,16.0,98.099,46.0,2685.0
16.05306820000078,24383.328125,24564.0,98.0,16.0,98.099,46.0,2685.0
16.115106299999752,24383.328125,24564.0,98.0,16.0,98.099,46.0,2685.0
16.17790960000093,24383.328125,24564.0,98.0,16.0,98.099,46.0,2685.0
16.24067710000054,24383.328125,24564.0,98.0,16.0,98.099,46.0,2685.0
16.30339140000069,24383.328125,24564.0,98.0,16.0,98.099,46.0,2685.0
16.364628600000287,24383.328125,24564.0,98.0,16.0,98.099,46.0,2685.0
16.426203999999416,24383.328125,24564.0,97.0,27.0,99.679,45.0,2685.0
16.48713990000033,24383.328125,24564.0,97.0,27.0,99.679,45.0,2685.0
16.548165600001084,24383.328125,24564.0,97.0,27.0,99.679,45.0,2685.0
16.61063590000049,24383.328125,24564.0,97.0,27.0,99.679,45.0,2685.0
16.673355200000515,24383.328125,24564.0,97.0,27.0,99.679,45.0,2685.0
16.73606330000075,24383.328125,24564.0,97.0,27.0,99.679,45.0,2685.0
16.797126900000876,24383.328125,24564.0,97.0,27.0,99.679,45.0,2685.0
16.857785300000614,24383.328125,24564.0,97.0,27.0,99.679,45.0,2685.0
16.919449500001065,24383.328125,24564.0,97.0,30.0,99.638,45.0,2685.0
16.981386200000998,24383.328125,24564.0,97.0,30.0,99.638,45.0,2685.0
17.043482400000357,24383.328125,24564.0,97.0,30.0,99.638,45.0,2685.0
17.104630600000746,24383.328125,24564.0,97.0,30.0,99.638,45.0,2685.0
17.165532200000598,24383.328125,24564.0,97.0,30.0,99.638,45.0,2685.0
17.228083300000435,24383.328125,24564.0,97.0,30.0,99.638,45.0,2685.0
17.288734699999623,24383.328125,24564.0,97.0,30.0,99.638,45.0,2685.0
17.350984900000185,24383.328125,24564.0,97.0,30.0,99.638,45.0,2685.0
17.411165499999697,24383.328125,24564.0,99.0,19.0,99.961,45.0,2685.0
17.474374499999612,24383.328125,24564.0,99.0,19.0,99.961,45.0,2685.0
17.536089400000492,24383.328125,24564.0,99.0,19.0,99.961,45.0,2685.0
17.59849150000082,24383.328125,24564.0,99.0,19.0,99.961,45.0,2685.0
17.662140500000532,24383.328125,24564.0,99.0,19.0,99.961,45.0,2685.0
17.72439459999987,24383.328125,24564.0,99.0,19.0,99.961,45.0,2685.0
17.787095699999554,24383.328125,24564.0,99.0,19.0,99.961,45.0,2685.0
17.849235800000315,24383.328125,24564.0,99.0,19.0,99.961,45.0,2685.0
17.91144440000062,24383.328125,24564.0,100.0,1.0,99.981,45.0,2685.0
17.97340339999937,24383.328125,24564.0,100.0,1.0,99.981,45.0,2685.0
18.034497000000556,24383.328125,24564.0,100.0,1.0,99.981,45.0,2685.0
18.09769360000064,24383.328125,24564.0,100.0,1.0,99.981,45.0,2685.0
18.16087999999945,24383.328125,24564.0,100.0,1.0,99.981,45.0,2685.0
18.223402499999793,24383.328125,24564.0,100.0,1.0,99.981,45.0,2685.0
18.28609150000011,24383.328125,24564.0,100.0,1.0,99.981,45.0,2685.0
18.347751499999504,24383.328125,24564.0,100.0,1.0,99.981,45.0,2685.0
18.408113800000137,24383.328125,24564.0,100.0,1.0,98.896,45.0,2685.0
18.469782699999996,24383.328125,24564.0,100.0,1.0,98.896,45.0,2685.0
18.532445000000735,24383.328125,24564.0,100.0,1.0,98.896,45.0,2685.0
18.592399600000135,24383.328125,24564.0,100.0,1.0,98.896,45.0,2685.0
18.654420900000332,24383.328125,24564.0,100.0,1.0,98.896,45.0,2685.0
18.71723589999965,24383.328125,24564.0,100.0,1.0,98.896,45.0,2685.0
18.778190999999424,24383.328125,24564.0,100.0,1.0,98.896,45.0,2685.0
18.840286900000137,24383.328125,24564.0,100.0,1.0,98.896,45.0,2685.0
18.901478800000405,24383.328125,24564.0,100.0,1.0,96.474,45.0,2685.0
18.963485199999923,24383.328125,24564.0,100.0,1.0,96.474,45.0,2685.0
19.0261315000007,24383.328125,24564.0,100.0,1.0,96.474,45.0,2685.0
19.08852289999959,24383.328125,24564.0,100.0,1.0,96.474,45.0,2685.0
19.149918099999923,24383.328125,24564.0,100.0,1.0,96.474,45.0,2685.0
19.21339480000097,24383.328125,24564.0,100.0,1.0,96.474,45.0,2685.0
19.27591510000093,24383.328125,24564.0,100.0,1.0,96.474,45.0,2685.0
19.337466900000436,24383.328125,24564.0,100.0,1.0,96.474,45.0,2685.0
19.39986780000072,24383.328125,24564.0,99.0,1.0,96.502,45.0,2685.0
19.461091000001034,24383.328125,24564.0,99.0,1.0,96.502,45.0,2685.0
19.52095200000076,24383.328125,24564.0,99.0,1.0,96.502,45.0,2685.0
19.583135900000343,24383.328125,24564.0,99.0,1.0,96.502,45.0,2685.0
19.64439459999994,24383.328125,24564.0,99.0,1.0,96.502,45.0,2685.0
19.706179000000702,24383.328125,24564.0,99.0,1.0,96.502,45.0,2685.0
19.767046999999366,24383.328125,24564.0,99.0,1.0,96.502,45.0,2685.0
19.82792420000078,24383.328125,24564.0,99.0,1.0,96.502,45.0,2685.0
19.889582199999495,24383.328125,24564.0,100.0,1.0,96.309,45.0,2685.0
19.952147300000433,24383.328125,24564.0,100.0,1.0,96.309,45.0,2685.0
20.01227950000066,24383.328125,24564.0,100.0,1.0,96.309,45.0,2685.0
20.073468300000968,24383.328125,24564.0,100.0,1.0,96.309,45.0,2685.0
20.135994199999914,24383.328125,24564.0,100.0,1.0,96.309,45.0,2685.0
20.197010600000795,24383.328125,24564.0,100.0,1.0,96.309,45.0,2685.0
20.257434000001012,24383.328125,24564.0,100.0,1.0,96.309,45.0,2685.0
20.318973299999925,24383.328125,24564.0,100.0,1.0,96.309,45.0,2685.0
20.381213700000444,24383.328125,24564.0,100.0,1.0,96.183,46.0,2685.0
20.441640000000916,24383.328125,24564.0,100.0,1.0,96.183,46.0,2685.0
20.502383799999734,24383.328125,24564.0,100.0,1.0,96.183,46.0,2685.0
20.563612800000556,24383.328125,24564.0,100.0,1.0,96.183,46.0,2685.0
20.625488900001073,24383.328125,24564.0,100.0,1.0,96.183,46.0,2685.0
20.686433299999408,24383.328125,24564.0,100.0,1.0,96.183,46.0,2685.0
20.749677300000258,24383.328125,24564.0,100.0,1.0,96.183,46.0,2685.0
20.81126150000091,24383.328125,24564.0,100.0,1.0,96.183,46.0,2685.0
20.874046400000225,24383.328125,24564.0,97.0,27.0,99.155,45.0,2685.0
20.936384000000544,24383.328125,24564.0,97.0,27.0,99.155,45.0,2685.0
20.99831129999984,24383.328125,24564.0,97.0,27.0,99.155,45.0,2685.0
21.059944200000245,24383.328125,24564.0,97.0,27.0,99.155,45.0,2685.0
21.12215219999962,24383.328125,24564.0,97.0,27.0,99.155,45.0,2685.0
21.184690899999623,24383.328125,24564.0,97.0,27.0,99.155,45.0,2685.0
21.24607020000076,24383.328125,24564.0,97.0,27.0,99.155,45.0,2685.0
21.308385800000906,24383.328125,24564.0,97.0,27.0,99.155,45.0,2685.0
21.370653300000413,24383.328125,24564.0,97.0,27.0,99.155,45.0,2685.0
21.431662099999812,24383.328125,24564.0,97.0,26.0,99.806,45.0,2685.0
21.492448299999523,24383.328125,24564.0,97.0,26.0,99.806,45.0,2685.0
21.554044200000135,24383.328125,24564.0,97.0,26.0,99.806,45.0,2685.0
21.61495190000096,24383.328125,24564.0,97.0,26.0,99.806,45.0,2685.0
21.677406200000405,24383.328125,24564.0,97.0,26.0,99.806,45.0,2685.0
21.74001599999974,24383.328125,24564.0,97.0,26.0,99.806,45.0,2685.0
21.80253029999949,24383.328125,24564.0,97.0,26.0,99.806,45.0,2685.0
21.865314200000284,24383.328125,24564.0,97.0,26.0,99.806,45.0,2685.0
21.92626399999972,24383.328125,24564.0,99.0,22.0,99.785,45.0,2685.0
21.989188499999727,24383.328125,24564.0,99.0,22.0,99.785,45.0,2685.0
22.052363000000696,24383.328125,24564.0,99.0,22.0,99.785,45.0,2685.0
22.11297150000064,24383.328125,24564.0,99.0,22.0,99.785,45.0,2685.0
22.17553020000014,24383.328125,24564.0,99.0,22.0,99.785,45.0,2685.0
22.23718010000084,24383.328125,24564.0,99.0,22.0,99.785,45.0,2685.0
22.297477100000833,24383.328125,24564.0,99.0,22.0,99.785,45.0,2685.0
22.358276799999658,24383.328125,24564.0,99.0,22.0,99.785,45.0,2685.0
22.418166999999812,24383.328125,24564.0,100.0,1.0,99.86,45.0,2685.0
22.47916029999942,24383.328125,24564.0,100.0,1.0,99.86,45.0,2685.0
22.541269499999544,24383.328125,24564.0,100.0,1.0,99.86,45.0,2685.0
22.603023400000893,24383.328125,24564.0,100.0,1.0,99.86,45.0,2685.0
22.664332599999398,24383.328125,24564.0,100.0,1.0,99.86,45.0,2685.0
22.726541800000632,24383.328125,24564.0,100.0,1.0,99.86,45.0,2685.0
22.7890838000003,24383.328125,24564.0,100.0,1.0,99.86,45.0,2685.0
22.852277899999535,24383.328125,24564.0,100.0,1.0,99.86,45.0,2685.0
22.912900200000877,24383.328125,24564.0,100.0,1.0,99.19,45.0,2685.0
22.976200799999788,24383.328125,24564.0,100.0,1.0,99.19,45.0,2685.0
23.038039000000936,24383.328125,24564.0,100.0,1.0,99.19,45.0,2685.0
23.099910500000988,24383.328125,24564.0,100.0,1.0,99.19,45.0,2685.0
23.16194110000106,24383.328125,24564.0,100.0,1.0,99.19,45.0,2685.0
23.224354500000118,24383.328125,24564.0,100.0,1.0,99.19,45.0,2685.0
23.286277000001064,24383.328125,24564.0,100.0,1.0,99.19,45.0,2685.0
23.347315700000763,24383.328125,24564.0,100.0,1.0,99.19,45.0,2685.0
23.40909180000017,24383.328125,24564.0,99.0,1.0,96.501,45.0,2685.0
23.469946100000016,24383.328125,24564.0,99.0,1.0,96.501,45.0,2685.0
23.532474999999977,24383.328125,24564.0,99.0,1.0,96.501,45.0,2685.0
23.593855299999632,24383.328125,24564.0,99.0,1.0,96.501,45.0,2685.0
23.656213899999784,24383.328125,24564.0,99.0,1.0,96.501,45.0,2685.0
23.71717230000104,24383.328125,24564.0,99.0,1.0,96.501,45.0,2685.0
23.777276099999654,24383.328125,24564.0,99.0,1.0,96.501,45.0,2685.0
23.83830400000079,24383.328125,24564.0,99.0,1.0,96.501,45.0,2685.0
23.901386999999886,24383.328125,24564.0,100.0,1.0,96.482,45.0,2685.0
23.963135500000135,24383.328125,24564.0,100.0,1.0,96.482,45.0,2685.0
24.0237644000008,24383.328125,24564.0,100.0,1.0,96.482,45.0,2685.0
24.086145400000532,24383.328125,24564.0,100.0,1.0,96.482,45.0,2685.0
24.147545899999386,24383.328125,24564.0,100.0,1.0,96.482,45.0,2685.0
24.209235599999374,24383.328125,24564.0,100.0,1.0,96.482,45.0,2685.0
24.27094810000017,24383.328125,24564.0,100.0,1.0,96.482,45.0,2685.0
24.332478500000434,24383.328125,24564.0,100.0,1.0,96.482,45.0,2685.0
24.39220580000074,24383.328125,24564.0,100.0,1.0,96.544,45.0,2685.0
24.45346679999966,24383.328125,24564.0,100.0,1.0,96.544,45.0,2685.0
24.515536000000793,24383.328125,24564.0,100.0,1.0,96.544,45.0,2685.0
24.57722250000006,24383.328125,24564.0,100.0,1.0,96.544,45.0,2685.0
24.63725560000057,24383.328125,24564.0,100.0,1.0,96.544,45.0,2685.0
24.697923499999888,24383.328125,24564.0,100.0,1.0,96.544,45.0,2685.0
24.75933509999959,24383.328125,24564.0,100.0,1.0,96.544,45.0,2685.0
24.820092800000566,24383.328125,24564.0,100.0,1.0,96.544,45.0,2685.0
24.88209210000059,24383.328125,24564.0,100.0,1.0,96.551,45.0,2685.0
24.942186300000685,24383.328125,24564.0,100.0,1.0,96.551,45.0,2685.0
25.004697399999714,24383.328125,24564.0,100.0,1.0,96.551,45.0,2685.0
25.066621199999645,24383.328125,24564.0,100.0,1.0,96.551,45.0,2685.0
25.127161700000215,24383.328125,24564.0,100.0,1.0,96.551,45.0,2685.0
25.188290699999925,24383.328125,24564.0,100.0,1.0,96.551,45.0,2685.0
25.24990450000041,24383.328125,24564.0,100.0,1.0,96.551,45.0,2685.0
25.312186299999667,24383.328125,24564.0,100.0,1.0,96.551,45.0,2685.0
25.372745799999393,24383.328125,24564.0,100.0,1.0,96.654,45.0,2685.0
25.433328600000095,24383.328125,24564.0,100.0,1.0,96.654,45.0,2685.0
25.494573500000115,24383.328125,24564.0,100.0,1.0,96.654,45.0,2685.0
25.55729969999993,24383.328125,24564.0,100.0,1.0,96.654,45.0,2685.0
25.618618500000593,24383.328125,24564.0,100.0,1.0,96.654,45.0,2685.0
25.680407800000467,24383.328125,24564.0,100.0,1.0,96.654,45.0,2685.0
25.74257949999992,24383.328125,24564.0,100.0,1.0,96.654,45.0,2685.0
25.80560350000087,24383.328125,24564.0,100.0,1.0,96.654,45.0,2685.0
25.86645259999932,24383.328125,24564.0,100.0,1.0,96.654,45.0,2685.0
25.9280533000001,24383.328125,24564.0,97.0,27.0,99.272,45.0,2685.0
25.990409800000634,24383.328125,24564.0,97.0,27.0,99.272,45.0,2685.0
26.052283999999418,24383.328125,24564.0,97.0,27.0,99.272,45.0,2685.0
26.114862300000823,24383.328125,24564.0,97.0,27.0,99.272,45.0,2685.0
26.17661659999976,24383.328125,24564.0,97.0,27.0,99.272,45.0,2685.0
26.237208000000464,24383.328125,24564.0,97.0,27.0,99.272,45.0,2685.0
26.298247900000206,24383.328125,24564.0,97.0,27.0,99.272,45.0,2685.0
26.35961370000041,24383.328125,24564.0,97.0,27.0,99.272,45.0,2685.0
26.42249129999982,24383.328125,24564.0,97.0,27.0,100.016,45.0,2685.0
26.484490000000733,24383.328125,24564.0,97.0,27.0,100.016,45.0,2685.0
26.547359199999846,24383.328125,24564.0,97.0,27.0,100.016,45.0,2685.0
26.608276700000715,24383.328125,24564.0,97.0,27.0,100.016,45.0,2685.0
26.669848499999716,24383.328125,24564.0,97.0,27.0,100.016,45.0,2685.0
26.73234539999976,24383.328125,24564.0,97.0,27.0,100.016,45.0,2685.0
26.792668300000514,24383.328125,24564.0,97.0,27.0,100.016,45.0,2685.0
26.853865600000063,24383.328125,24564.0,97.0,27.0,100.016,45.0,2685.0
26.916653599999336,24383.328125,24564.0,99.0,8.0,100.13,45.0,2685.0
26.978951299999608,24383.328125,24564.0,99.0,8.0,100.13,45.0,2685.0
27.041328299999805,24383.328125,24564.0,99.0,8.0,100.13,45.0,2685.0
27.10275829999955,24383.328125,24564.0,99.0,8.0,100.13,45.0,2685.0
27.165510099999665,24383.328125,24564.0,99.0,8.0,100.13,45.0,2685.0
27.227884600000834,24383.328125,24564.0,99.0,8.0,100.13,45.0,2685.0
27.289348100001007,24383.328125,24564.0,99.0,8.0,100.13,45.0,2685.0
27.352664500000174,24383.328125,24564.0,99.0,8.0,100.13,45.0,2685.0
27.414858500000264,24383.328125,24564.0,100.0,1.0,100.317,45.0,2685.0
27.476496499999485,24383.328125,24564.0,100.0,1.0,100.317,45.0,2685.0
27.539385800000673,24383.328125,24564.0,100.0,1.0,100.317,45.0,2685.0
27.600300199999765,24383.328125,24564.0,100.0,1.0,100.317,45.0,2685.0
27.66254029999982,24383.328125,24564.0,100.0,1.0,100.317,45.0,2685.0
27.726396300000488,24383.328125,24564.0,100.0,1.0,100.317,45.0,2685.0
27.786238700000467,24383.328125,24564.0,100.0,1.0,100.317,45.0,2685.0
27.84802959999979,24383.328125,24564.0,100.0,1.0,100.317,45.0,2685.0
27.910040000000663,24383.328125,24564.0,100.0,1.0,98.316,45.0,2685.0
27.970767000000706,24383.328125,24564.0,100.0,1.0,98.316,45.0,2685.0
28.032201500000156,24383.328125,24564.0,100.0,1.0,98.316,45.0,2685.0
28.092097400000057,24383.328125,24564.0,100.0,1.0,98.316,45.0,2685.0
28.152647799999613,24383.328125,24564.0,100.0,1.0,98.316,45.0,2685.0
28.214532199999667,24383.328125,24564.0,100.0,1.0,98.316,45.0,2685.0
28.2763087000003,24383.328125,24564.0,100.0,1.0,98.316,45.0,2685.0
28.337979699999778,24383.328125,24564.0,100.0,1.0,98.316,45.0,2685.0
28.400827100000242,24383.328125,24564.0,100.0,1.0,96.864,45.0,2685.0
28.462542700000995,24383.328125,24564.0,100.0,1.0,96.864,45.0,2685.0
28.525279800000135,24383.328125,24564.0,100.0,1.0,96.864,45.0,2685.0
28.586668800000552,24383.328125,24564.0,100.0,1.0,96.864,45.0,2685.0
28.64915420000034,24383.328125,24564.0,100.0,1.0,96.864,45.0,2685.0
28.71241270000064,24383.328125,24564.0,100.0,1.0,96.864,45.0,2685.0
28.77295210000011,24383.328125,24564.0,100.0,1.0,96.864,45.0,2685.0
28.834387299999435,24383.328125,24564.0,100.0,1.0,96.864,45.0,2685.0
28.89634169999954,24383.328125,24564.0,100.0,1.0,96.978,45.0,2685.0
28.95702809999966,24383.328125,24564.0,100.0,1.0,96.978,45.0,2685.0
29.020596899999873,24383.328125,24564.0,100.0,1.0,96.978,45.0,2685.0
29.08122060000096,24383.328125,24564.0,100.0,1.0,96.978,45.0,2685.0
29.142248800000743,24383.328125,24564.0,100.0,1.0,96.978,45.0,2685.0
29.202365799999825,24383.328125,24564.0,100.0,1.0,96.978,45.0,2685.0
29.264616899999965,24383.328125,24564.0,100.0,1.0,96.978,45.0,2685.0
29.326419299999543,24383.328125,24564.0,100.0,1.0,96.978,45.0,2685.0
29.387797200000932,24383.328125,24564.0,100.0,1.0,96.643,45.0,2685.0
29.44918610000059,24383.328125,24564.0,100.0,1.0,96.643,45.0,2685.0
29.510721399999966,24383.328125,24564.0,100.0,1.0,96.643,45.0,2685.0
29.572207700000945,24383.328125,24564.0,100.0,1.0,96.643,45.0,2685.0
29.634943099999873,24383.328125,24564.0,100.0,1.0,96.643,45.0,2685.0
29.696599299999434,24383.328125,24564.0,100.0,1.0,96.643,45.0,2685.0
29.757768499999656,24383.328125,24564.0,100.0,1.0,96.643,45.0,2685.0
29.81846880000012,24383.328125,24564.0,100.0,1.0,96.643,45.0,2685.0
29.882214200000817,24383.328125,24564.0,100.0,1.0,96.636,45.0,2685.0
29.94339460000083,24383.328125,24564.0,100.0,1.0,96.636,45.0,2685.0
30.00464389999979,24383.328125,24564.0,100.0,1.0,96.636,45.0,2685.0
30.06738890000088,24383.328125,24564.0,100.0,1.0,96.636,45.0,2685.0
30.12853399999949,24383.328125,24564.0,100.0,1.0,96.636,45.0,2685.0
30.190334700000676,24383.328125,24564.0,100.0,1.0,96.636,45.0,2685.0
30.252212600000348,24383.328125,24564.0,100.0,1.0,96.636,45.0,2685.0
30.31353880000097,24383.328125,24564.0,100.0,1.0,96.636,45.0,2685.0
30.375515499999892,24383.328125,24564.0,100.0,1.0,96.658,45.0,2685.0
30.437356700000237,24383.328125,24564.0,100.0,1.0,96.658,45.0,2685.0
30.49819440000101,24383.328125,24564.0,100.0,1.0,96.658,45.0,2685.0
30.560289799999737,24383.328125,24564.0,100.0,1.0,96.658,45.0,2685.0
30.62237760000062,24383.328125,24564.0,100.0,1.0,96.658,45.0,2685.0
30.68302550000044,24383.328125,24564.0,100.0,1.0,96.658,45.0,2685.0
30.743830699999307,24383.328125,24564.0,100.0,1.0,96.658,45.0,2685.0
30.805667700000413,24383.328125,24564.0,100.0,1.0,96.658,45.0,2685.0
30.86645259999932,24383.328125,24564.0,100.0,1.0,96.658,45.0,2685.0
30.927127999999357,24383.328125,24564.0,100.0,1.0,96.523,45.0,2685.0
30.98734329999934,24383.328125,24564.0,100.0,1.0,96.523,45.0,2685.0
31.047226700000465,24383.328125,24564.0,100.0,1.0,96.523,45.0,2685.0
31.109070700000302,24383.328125,24564.0,100.0,1.0,96.523,45.0,2685.0
31.172465300000113,24383.328125,24564.0,100.0,1.0,96.523,45.0,2685.0
31.234580300000744,24383.328125,24564.0,100.0,1.0,96.523,45.0,2685.0
31.29659840000022,24383.328125,24564.0,100.0,1.0,96.523,45.0,2685.0
31.357320799999798,24383.328125,24564.0,100.0,1.0,96.523,45.0,2685.0
31.41946160000043,24383.328125,24564.0,100.0,1.0,96.531,45.0,2685.0
31.482301500000176,24383.328125,24564.0,100.0,1.0,96.531,45.0,2685.0
31.543718200000512,24383.328125,24564.0,100.0,1.0,96.531,45.0,2685.0
31.606385999999475,24383.328125,24564.0,100.0,1.0,96.531,45.0,2685.0
31.667175300000963,24383.328125,24564.0,100.0,1.0,96.531,45.0,2685.0
31.72737159999997,24383.328125,24564.0,100.0,1.0,96.531,45.0,2685.0
31.78831530000025,24383.328125,24564.0,100.0,1.0,96.531,45.0,2685.0
31.849066099999618,24383.328125,24564.0,100.0,1.0,96.531,45.0,2685.0
31.910591899999417,24383.328125,24564.0,100.0,1.0,96.474,46.0,2685.0
31.972354100000302,24383.328125,24564.0,100.0,1.0,96.474,46.0,2685.0
32.03322219999973,24383.328125,24564.0,100.0,1.0,96.474,46.0,2685.0
32.09456499999942,24383.328125,24564.0,100.0,1.0,96.474,46.0,2685.0
32.15633230000094,24383.328125,24564.0,100.0,1.0,96.474,46.0,2685.0
32.2178270000004,24383.328125,24564.0,100.0,1.0,96.474,46.0,2685.0
32.27877509999962,24383.328125,24564.0,100.0,1.0,96.474,46.0,2685.0
32.34187059999931,24383.328125,24564.0,100.0,1.0,96.474,46.0,2685.0
32.402228700000705,24383.328125,24564.0,97.0,27.0,99.766,45.0,2685.0
32.46227639999961,24383.328125,24564.0,97.0,27.0,99.766,45.0,2685.0
32.524508099999366,24383.328125,24564.0,97.0,27.0,99.766,45.0,2685.0
32.58662630000072,24383.328125,24564.0,97.0,27.0,99.766,45.0,2685.0
32.64741940000022,24383.328125,24564.0,97.0,27.0,99.766,45.0,2685.0
32.70924980000018,24383.328125,24564.0,97.0,27.0,99.766,45.0,2685.0
32.771350600000005,24383.328125,24564.0,97.0,27.0,99.766,45.0,2685.0
32.83298439999999,24383.328125,24564.0,97.0,27.0,99.766,45.0,2685.0
32.894654900001115,24383.328125,24564.0,99.0,29.0,99.689,45.0,2685.0
32.95796429999973,24383.328125,24564.0,99.0,29.0,99.689,45.0,2685.0
33.019644699999844,24383.328125,24564.0,99.0,29.0,99.689,45.0,2685.0
33.081260900000416,24383.328125,24564.0,99.0,29.0,99.689,45.0,2685.0
33.14230880000105,24383.328125,24564.0,99.0,29.0,99.689,45.0,2685.0
33.20252840000103,24383.328125,24564.0,99.0,29.0,99.689,45.0,2685.0
33.264611000000514,24383.328125,24564.0,99.0,29.0,99.689,45.0,2685.0
33.328046700000414,24383.328125,24564.0,99.0,29.0,99.689,45.0,2685.0
33.389917599999535,24383.328125,24564.0,100.0,1.0,99.641,45.0,2685.0
33.45069019999937,24383.328125,24564.0,100.0,1.0,99.641,45.0,2685.0
33.512860900000305,24383.328125,24564.0,100.0,1.0,99.641,45.0,2685.0
33.573490500000844,24383.328125,24564.0,100.0,1.0,99.641,45.0,2685.0
33.63528100000076,24383.328125,24564.0,100.0,1.0,99.641,45.0,2685.0
33.69644960000005,24383.328125,24564.0,100.0,1.0,99.641,45.0,2685.0
33.75910560000011,24383.328125,24564.0,100.0,1.0,99.641,45.0,2685.0
33.820372000000134,24383.328125,24564.0,100.0,1.0,99.641,45.0,2685.0
33.88227060000099,24383.328125,24564.0,100.0,1.0,99.73,45.0,2685.0
33.94295580000107,24383.328125,24564.0,100.0,1.0,99.73,45.0,2685.0
34.0057981000009,24383.328125,24564.0,100.0,1.0,99.73,45.0,2685.0
34.06793529999959,24383.328125,24564.0,100.0,1.0,99.73,45.0,2685.0
34.130714900000385,24383.328125,24564.0,100.0,1.0,99.73,45.0,2685.0
34.19356619999962,24383.328125,24564.0,100.0,1.0,99.73,45.0,2685.0
34.25700019999931,24383.328125,24564.0,100.0,1.0,99.73,45.0,2685.0
34.31792470000073,24383.328125,24564.0,100.0,1.0,99.73,45.0,2685.0
34.37864450000052,24383.328125,24564.0,100.0,1.0,96.367,45.0,2685.0
34.44110519999958,24383.328125,24564.0,100.0,1.0,96.367,45.0,2685.0
34.502231700000266,24383.328125,24564.0,100.0,1.0,96.367,45.0,2685.0
34.56479810000019,24383.328125,24564.0,100.0,1.0,96.367,45.0,2685.0
34.62583059999997,24383.328125,24564.0,100.0,1.0,96.367,45.0,2685.0
34.68685600000026,24383.328125,24564.0,100.0,1.0,96.367,45.0,2685.0
34.74915340000007,24383.328125,24564.0,100.0,1.0,96.367,45.0,2685.0
34.81254640000043,24383.328125,24564.0,100.0,1.0,96.367,45.0,2685.0
34.875981400000455,24383.328125,24564.0,100.0,1.0,96.317,45.0,2685.0
34.93783269999949,24383.328125,24564.0,100.0,1.0,96.317,45.0,2685.0
35.00016139999934,24383.328125,24564.0,100.0,1.0,96.317,45.0,2685.0
35.06246590000046,24383.328125,24564.0,100.0,1.0,96.317,45.0,2685.0
35.12439389999963,24383.328125,24564.0,100.0,1.0,96.317,45.0,2685.0
35.18636710000101,24383.328125,24564.0,100.0,1.0,96.317,45.0,2685.0
35.24833580000086,24383.328125,24564.0,100.0,1.0,96.317,45.0,2685.0
35.310176000000865,24383.328125,24564.0,100.0,1.0,96.317,45.0,2685.0
35.372461799999655,24383.328125,24564.0,100.0,1.0,96.317,45.0,2685.0
35.43574190000072,24383.328125,24564.0,100.0,1.0,96.426,45.0,2685.0
35.49751160000051,24383.328125,24564.0,100.0,1.0,96.426,45.0,2685.0
35.559123299999555,24383.328125,24564.0,100.0,1.0,96.426,45.0,2685.0
35.62229789999947,24383.328125,24564.0,100.0,1.0,96.426,45.0,2685.0
35.684233300000415,24383.328125,24564.0,100.0,1.0,96.426,45.0,2685.0
35.745556800000486,24383.328125,24564.0,100.0,1.0,96.426,45.0,2685.0
35.807410499999605,24383.328125,24564.0,100.0,1.0,96.426,45.0,2685.0
35.86918329999935,24383.328125,24564.0,100.0,1.0,96.426,45.0,2685.0
35.931160800000725,24383.328125,24564.0,100.0,1.0,96.315,45.0,2685.0
35.993485000000874,24383.328125,24564.0,100.0,1.0,96.315,45.0,2685.0
36.05653429999984,24383.328125,24564.0,100.0,1.0,96.315,45.0,2685.0
36.117986200000814,24383.328125,24564.0,100.0,1.0,96.315,45.0,2685.0
36.1800473000003,24383.328125,24564.0,100.0,1.0,96.315,45.0,2685.0
36.24248989999978,24383.328125,24564.0,100.0,1.0,96.315,45.0,2685.0
36.3035361000002,24383.328125,24564.0,100.0,1.0,96.315,45.0,2685.0
36.36489950000032,24383.328125,24564.0,100.0,1.0,96.315,45.0,2685.0
36.42841100000078,24383.328125,24564.0,100.0,1.0,96.259,46.0,2685.0
36.488368100001026,24383.328125,24564.0,100.0,1.0,96.259,46.0,2685.0
36.5504204000008,24383.328125,24564.0,100.0,1.0,96.259,46.0,2685.0
36.61374520000027,24383.328125,24564.0,100.0,1.0,96.259,46.0,2685.0
36.676113699999405,24383.328125,24564.0,100.0,1.0,96.259,46.0,2685.0
36.737724000000526,24383.328125,24564.0,100.0,1.0,96.259,46.0,2685.0
36.7993918000011,24383.328125,24564.0,100.0,1.0,96.259,46.0,2685.0
36.86201710000023,24383.328125,24564.0,100.0,1.0,96.259,46.0,2685.0
36.9232219000005,24383.328125,24564.0,97.0,15.0,97.486,46.0,2685.0
36.98459229999935,24383.328125,24564.0,97.0,15.0,97.486,46.0,2685.0
37.04667359999985,24383.328125,24564.0,97.0,15.0,97.486,46.0,2685.0
37.10737060000065,24383.328125,24564.0,97.0,15.0,97.486,46.0,2685.0
37.1704993000003,24383.328125,24564.0,97.0,15.0,97.486,46.0,2685.0
37.231461900000795,24383.328125,24564.0,97.0,15.0,97.486,46.0,2685.0
37.292139099999986,24383.328125,24564.0,97.0,15.0,97.486,46.0,2685.0
37.35528180000074,24383.328125,24564.0,97.0,15.0,97.486,46.0,2685.0
37.41671970000061,24383.328125,24564.0,97.0,27.0,99.908,45.0,2685.0
37.47748309999952,24383.328125,24564.0,97.0,27.0,99.908,45.0,2685.0
37.54003550000016,24383.328125,24564.0,97.0,27.0,99.908,45.0,2685.0
37.602487800000745,24383.328125,24564.0,97.0,27.0,99.908,45.0,2685.0
37.66455219999989,24383.328125,24564.0,97.0,27.0,99.908,45.0,2685.0
37.726764099999855,24383.328125,24564.0,97.0,27.0,99.908,45.0,2685.0
37.789112899999964,24383.328125,24564.0,97.0,27.0,99.908,45.0,2685.0
37.851279099999374,24383.328125,24564.0,97.0,27.0,99.908,45.0,2685.0
37.91303320000043,24383.328125,24564.0,100.0,4.0,100.015,45.0,2685.0
37.97667420000107,24383.328125,24564.0,100.0,4.0,100.015,45.0,2685.0
38.03887299999951,24383.328125,24564.0,100.0,4.0,100.015,45.0,2685.0
38.10081180000088,24383.328125,24564.0,100.0,4.0,100.015,45.0,2685.0
38.16385579999951,24383.328125,24564.0,100.0,4.0,100.015,45.0,2685.0
38.2257912999994,24383.328125,24564.0,100.0,4.0,100.015,45.0,2685.0
38.288181100000656,24383.328125,24564.0,100.0,4.0,100.015,45.0,2685.0
38.350487100000464,24383.328125,24564.0,100.0,4.0,100.015,45.0,2685.0
38.41219000000092,24383.328125,24564.0,99.0,1.0,99.931,45.0,2685.0
38.47387280000112,24383.328125,24564.0,99.0,1.0,99.931,45.0,2685.0
38.53567479999947,24383.328125,24564.0,99.0,1.0,99.931,45.0,2685.0
38.597556700000496,24383.328125,24564.0,99.0,1.0,99.931,45.0,2685.0
38.658833600000435,24383.328125,24564.0,99.0,1.0,99.931,45.0,2685.0
38.71987860000081,24383.328125,24564.0,99.0,1.0,99.931,45.0,2685.0
38.78141379999943,24383.328125,24564.0,99.0,1.0,99.931,45.0,2685.0
38.84330279999995,24383.328125,24564.0,99.0,1.0,99.931,45.0,2685.0
38.90550830000029,24383.328125,24564.0,100.0,1.0,97.192,45.0,2685.0
38.967538999999306,24383.328125,24564.0,100.0,1.0,97.192,45.0,2685.0
39.02909929999987,24383.328125,24564.0,100.0,1.0,97.192,45.0,2685.0
39.09005400000024,24383.328125,24564.0,100.0,1.0,97.192,45.0,2685.0
39.151457399999344,24383.328125,24564.0,100.0,1.0,97.192,45.0,2685.0
39.212391000000935,24383.328125,24564.0,100.0,1.0,97.192,45.0,2685.0
39.27476700000079,24383.328125,24564.0,100.0,1.0,97.192,45.0,2685.0
39.335421400000996,24383.328125,24564.0,100.0,1.0,97.192,45.0,2685.0
39.39715740000065,24383.328125,24564.0,100.0,1.0,96.594,45.0,2685.0
39.4581016000011,24383.328125,24564.0,100.0,1.0,96.594,45.0,2685.0
39.519135800001095,24383.328125,24564.0,100.0,1.0,96.594,45.0,2685.0
39.58226160000049,24383.328125,24564.0,100.0,1.0,96.594,45.0,2685.0
39.64341330000025,24383.328125,24564.0,100.0,1.0,96.594,45.0,2685.0
39.70559680000042,24383.328125,24564.0,100.0,1.0,96.594,45.0,2685.0
39.76694320000024,24383.328125,24564.0,100.0,1.0,96.594,45.0,2685.0
39.828130600000804,24383.328125,24564.0,100.0,1.0,96.594,45.0,2685.0
39.89098510000076,24383.328125,24564.0,100.0,1.0,96.615,45.0,2685.0
39.95367050000095,24383.328125,24564.0,100.0,1.0,96.615,45.0,2685.0
40.01578100000006,24383.328125,24564.0,100.0,1.0,96.615,45.0,2685.0
40.0781091000008,24383.328125,24564.0,100.0,1.0,96.615,45.0,2685.0
40.14049290000003,24383.328125,24564.0,100.0,1.0,96.615,45.0,2685.0
40.20253050000065,24383.328125,24564.0,100.0,1.0,96.615,45.0,2685.0
40.263360200000534,24383.328125,24564.0,100.0,1.0,96.615,45.0,2685.0
40.32558120000067,24383.328125,24564.0,100.0,1.0,96.615,45.0,2685.0
40.38729600000079,24383.328125,24564.0,100.0,1.0,96.494,45.0,2685.0
40.44736990000092,24383.328125,24564.0,100.0,1.0,96.494,45.0,2685.0
40.508353299999726,24383.328125,24564.0,100.0,1.0,96.494,45.0,2685.0
40.570037200001025,24383.328125,24564.0,100.0,1.0,96.494,45.0,2685.0
40.63099200000033,24383.328125,24564.0,100.0,1.0,96.494,45.0,2685.0
40.692534499999965,24383.328125,24564.0,100.0,1.0,96.494,45.0,2685.0
40.75376049999977,24383.328125,24564.0,100.0,1.0,96.494,45.0,2685.0
40.81509019999976,24383.328125,24564.0,100.0,1.0,96.494,45.0,2685.0
40.87812579999991,24383.328125,24564.0,100.0,1.0,96.54,46.0,2685.0
40.942387700000836,24383.328125,24564.0,100.0,1.0,96.54,46.0,2685.0
41.003269400000136,24383.328125,24564.0,100.0,1.0,96.54,46.0,2685.0
41.06349290000071,24383.328125,24564.0,100.0,1.0,96.54,46.0,2685.0
41.12678919999962,24383.328125,24564.0,100.0,1.0,96.54,46.0,2685.0
41.18984350000028,24383.328125,24564.0,100.0,1.0,96.54,46.0,2685.0
41.25258290000056,24383.328125,24564.0,100.0,1.0,96.54,46.0,2685.0
41.31342869999935,24383.328125,24564.0,100.0,1.0,96.54,46.0,2685.0
41.376590800000486,24383.328125,24564.0,97.0,26.0,99.827,45.0,2685.0
41.43832640000073,24383.328125,24564.0,97.0,26.0,99.827,45.0,2685.0
41.50058469999931,24383.328125,24564.0,97.0,26.0,99.827,45.0,2685.0
41.56191360000048,24383.328125,24564.0,97.0,26.0,99.827,45.0,2685.0
41.62518810000074,24383.328125,24564.0,97.0,26.0,99.827,45.0,2685.0
41.685689199999615,24383.328125,24564.0,97.0,26.0,99.827,45.0,2685.0
41.748383100000865,24383.328125,24564.0,97.0,26.0,99.827,45.0,2685.0
41.81206689999999,24383.328125,24564.0,97.0,26.0,99.827,45.0,2685.0
41.87284120000004,24383.328125,24564.0,97.0,26.0,99.827,45.0,2685.0
41.93318750000071,24383.328125,24564.0,99.0,23.0,100.271,45.0,2685.0
41.99355149999974,24383.328125,24564.0,99.0,23.0,100.271,45.0,2685.0
42.05586670000048,24383.328125,24564.0,99.0,23.0,100.271,45.0,2685.0
42.117125799999485,24383.328125,24564.0,99.0,23.0,100.271,45.0,2685.0
42.177159500000926,24383.328125,24564.0,99.0,23.0,100.271,45.0,2685.0
42.238157100000535,24383.328125,24564.0,99.0,23.0,100.271,45.0,2685.0
42.30124389999946,24383.328125,24564.0,99.0,23.0,100.271,45.0,2685.0
42.36445850000018,24383.328125,24564.0,99.0,23.0,100.271,45.0,2685.0
42.427180300001055,24383.328125,24564.0,100.0,4.0,100.179,45.0,2685.0
42.48740490000091,24383.328125,24564.0,100.0,4.0,100.179,45.0,2685.0
42.55073409999932,24383.328125,24564.0,100.0,4.0,100.179,45.0,2685.0
42.61216539999987,24383.328125,24564.0,100.0,4.0,100.179,45.0,2685.0
42.67239990000053,24383.328125,24564.0,100.0,4.0,100.179,45.0,2685.0
42.73456889999943,24383.328125,24564.0,100.0,4.0,100.179,45.0,2685.0
42.796804199999315,24383.328125,24564.0,100.0,4.0,100.179,45.0,2685.0
42.85802390000026,24383.328125,24564.0,100.0,4.0,100.179,45.0,2685.0
42.91826799999944,24383.328125,24564.0,99.0,1.0,100.256,45.0,2685.0
42.980020299999524,24383.328125,24564.0,99.0,1.0,100.256,45.0,2685.0
43.04207830000087,24383.328125,24564.0,99.0,1.0,100.256,45.0,2685.0
43.102228199999445,24383.328125,24564.0,99.0,1.0,100.256,45.0,2685.0
43.16254239999944,24383.328125,24564.0,99.0,1.0,100.256,45.0,2685.0
43.2256995000007,24383.328125,24564.0,99.0,1.0,100.256,45.0,2685.0
43.28729380000004,24383.328125,24564.0,99.0,1.0,100.256,45.0,2685.0
43.34966499999973,24383.328125,24564.0,99.0,1.0,100.256,45.0,2685.0
43.41106580000087,24383.328125,24564.0,100.0,1.0,97.276,45.0,2685.0
43.47222839999995,24383.328125,24564.0,100.0,1.0,97.276,45.0,2685.0
43.53464410000015,24383.328125,24564.0,100.0,1.0,97.276,45.0,2685.0
43.596885900000416,24383.328125,24564.0,100.0,1.0,97.276,45.0,2685.0
43.658021299999746,24383.328125,24564.0,100.0,1.0,97.276,45.0,2685.0
43.7203683000007,24383.328125,24564.0,100.0,1.0,97.276,45.0,2685.0
43.78244889999951,24383.328125,24564.0,100.0,1.0,97.276,45.0,2685.0
43.84558599999946,24383.328125,24564.0,100.0,1.0,97.276,45.0,2685.0
43.90717980000045,24383.328125,24564.0,100.0,1.0,96.72,45.0,2685.0
43.967228200001045,24383.328125,24564.0,100.0,1.0,96.72,45.0,2685.0
44.02810379999937,24383.328125,24564.0,100.0,1.0,96.72,45.0,2685.0
44.09037840000019,24383.328125,24564.0,100.0,1.0,96.72,45.0,2685.0
44.15192919999936,24383.328125,24564.0,100.0,1.0,96.72,45.0,2685.0
44.21207130000039,24383.328125,24564.0,100.0,1.0,96.72,45.0,2685.0
44.27329819999977,24383.328125,24564.0,100.0,1.0,96.72,45.0,2685.0
44.33564230000047,24383.328125,24564.0,100.0,1.0,96.72,45.0,2685.0
44.3973117000005,24383.328125,24564.0,100.0,1.0,96.537,45.0,2685.0
44.457889299999806,24383.328125,24564.0,100.0,1.0,96.537,45.0,2685.0
44.520143499999904,24383.328125,24564.0,100.0,1.0,96.537,45.0,2685.0
44.58234009999978,24383.328125,24564.0,100.0,1.0,96.537,45.0,2685.0
44.64234469999974,24383.328125,24564.0,100.0,1.0,96.537,45.0,2685.0
44.70305030000054,24383.328125,24564.0,100.0,1.0,96.537,45.0,2685.0
44.76380290000088,24383.328125,24564.0,100.0,1.0,96.537,45.0,2685.0
44.82545100000061,24383.328125,24564.0,100.0,1.0,96.537,45.0,2685.0
44.886649000000034,24383.328125,24564.0,100.0,1.0,96.506,46.0,2685.0
44.94733450000058,24383.328125,24564.0,100.0,1.0,96.506,46.0,2685.0
45.00911339999948,24383.328125,24564.0,100.0,1.0,96.506,46.0,2685.0
45.07141150000098,24383.328125,24564.0,100.0,1.0,96.506,46.0,2685.0
45.13384880000012,24383.328125,24564.0,100.0,1.0,96.506,46.0,2685.0
45.194891400000415,24383.328125,24564.0,100.0,1.0,96.506,46.0,2685.0
45.25658099999964,24383.328125,24564.0,100.0,1.0,96.506,46.0,2685.0
45.31810659999974,24383.328125,24564.0,100.0,1.0,96.506,46.0,2685.0
45.381256500000745,24383.328125,24564.0,98.0,13.0,97.277,45.0,2685.0
45.44246969999949,24383.328125,24564.0,98.0,13.0,97.277,45.0,2685.0
45.502406300000075,24383.328125,24564.0,98.0,13.0,97.277,45.0,2685.0
45.56479070000023,24383.328125,24564.0,98.0,13.0,97.277,45.0,2685.0
45.62667750000037,24383.328125,24564.0,98.0,13.0,97.277,45.0,2685.0
45.68728480000027,24383.328125,24564.0,98.0,13.0,97.277,45.0,2685.0
45.74865080000018,24383.328125,24564.0,98.0,13.0,97.277,45.0,2685.0
45.809171299999434,24383.328125,24564.0,98.0,13.0,97.277,45.0,2685.0
45.870524100000694,24383.328125,24564.0,98.0,13.0,97.277,45.0,2685.0
45.930971100000534,24383.328125,24564.0,96.0,30.0,99.946,45.0,2685.0
45.993478700000196,24383.328125,24564.0,96.0,30.0,99.946,45.0,2685.0
46.05692199999976,24383.328125,24564.0,96.0,30.0,99.946,45.0,2685.0
46.118820499999856,24383.328125,24564.0,96.0,30.0,99.946,45.0,2685.0
46.182556300000215,24383.328125,24564.0,96.0,30.0,99.946,45.0,2685.0
46.244880599999306,24383.328125,24564.0,96.0,30.0,99.946,45.0,2685.0
46.30674010000075,24383.328125,24564.0,96.0,30.0,99.946,45.0,2685.0
46.36813389999952,24383.328125,24564.0,96.0,30.0,99.946,45.0,2685.0
46.43075839999983,24383.328125,24564.0,99.0,20.0,100.061,45.0,2685.0
46.492503400000714,24383.328125,24564.0,99.0,20.0,100.061,45.0,2685.0
46.55353509999986,24383.328125,24564.0,99.0,20.0,100.061,45.0,2685.0
46.61715000000004,24383.328125,24564.0,99.0,20.0,100.061,45.0,2685.0
46.67875540000023,24383.328125,24564.0,99.0,20.0,100.061,45.0,2685.0
46.74154009999984,24383.328125,24564.0,99.0,20.0,100.061,45.0,2685.0
46.80233650000082,24383.328125,24564.0,99.0,20.0,100.061,45.0,2685.0
46.862445099999604,24383.328125,24564.0,99.0,20.0,100.061,45.0,2685.0
46.924797699999544,24383.328125,24564.0,100.0,1.0,100.126,45.0,2685.0
46.9869961000004,24383.328125,24564.0,100.0,1.0,100.126,45.0,2685.0
47.04898580000008,24383.328125,24564.0,100.0,1.0,100.126,45.0,2685.0
47.11105479999969,24383.328125,24564.0,100.0,1.0,100.126,45.0,2685.0
47.17249450000054,24383.328125,24564.0,100.0,1.0,100.126,45.0,2685.0
47.23464469999999,24383.328125,24564.0,100.0,1.0,100.126,45.0,2685.0
47.2969563000006,24383.328125,24564.0,100.0,1.0,100.126,45.0,2685.0
47.357771400000274,24383.328125,24564.0,100.0,1.0,100.126,45.0,2685.0
47.41986730000099,24383.328125,24564.0,100.0,1.0,99.517,45.0,2685.0
47.48107689999961,24383.328125,24564.0,100.0,1.0,99.517,45.0,2685.0
47.542277399999875,24383.328125,24564.0,100.0,1.0,99.517,45.0,2685.0
47.603029899999456,24383.328125,24564.0,100.0,1.0,99.517,45.0,2685.0
47.66553489999933,24383.328125,24564.0,100.0,1.0,99.517,45.0,2685.0
47.72713649999969,24383.328125,24564.0,100.0,1.0,99.517,45.0,2685.0
47.78741179999997,24383.328125,24564.0,100.0,1.0,99.517,45.0,2685.0
47.84862930000054,24383.328125,24564.0,100.0,1.0,99.517,45.0,2685.0
47.91222650000054,24383.328125,24564.0,100.0,1.0,96.645,45.0,2685.0
47.97265850000076,24383.328125,24564.0,100.0,1.0,96.645,45.0,2685.0
48.03397659999973,24383.328125,24564.0,100.0,1.0,96.645,45.0,2685.0
48.09558990000005,24383.328125,24564.0,100.0,1.0,96.645,45.0,2685.0
48.15734209999937,24383.328125,24564.0,100.0,1.0,96.645,45.0,2685.0
48.219829699999536,24383.328125,24564.0,100.0,1.0,96.645,45.0,2685.0
48.28093799999988,24383.328125,24564.0,100.0,1.0,96.645,45.0,2685.0
48.34123490000093,24383.328125,24564.0,100.0,1.0,96.645,45.0,2685.0
48.40325529999973,24383.328125,24564.0,100.0,1.0,96.714,45.0,2685.0
48.466254999999364,24383.328125,24564.0,100.0,1.0,96.714,45.0,2685.0
48.52804819999983,24383.328125,24564.0,100.0,1.0,96.714,45.0,2685.0
48.59076699999969,24383.328125,24564.0,100.0,1.0,96.714,45.0,2685.0
48.652460400000564,24383.328125,24564.0,100.0,1.0,96.714,45.0,2685.0
48.713891800000056,24383.328125,24564.0,100.0,1.0,96.714,45.0,2685.0
48.77582710000024,24383.328125,24564.0,100.0,1.0,96.714,45.0,2685.0
48.83730250000008,24383.328125,24564.0,100.0,1.0,96.714,45.0,2685.0
48.898125300000174,24383.328125,24564.0,100.0,1.0,96.828,44.0,2685.0
48.96078970000053,24383.328125,24564.0,100.0,1.0,96.828,44.0,2685.0
49.02302299999974,24383.328125,24564.0,100.0,1.0,96.828,44.0,2685.0
49.08324360000006,24383.328125,24564.0,100.0,1.0,96.828,44.0,2685.0
49.14502039999934,24383.328125,24564.0,100.0,1.0,96.828,44.0,2685.0
49.207264399999985,24383.328125,24564.0,100.0,1.0,96.828,44.0,2685.0
49.267246800000066,24383.328125,24564.0,100.0,1.0,96.828,44.0,2685.0
49.327402099999745,24383.328125,24564.0,100.0,1.0,96.828,44.0,2685.0
49.38720850000027,24383.328125,24564.0,100.0,1.0,96.991,44.0,2685.0
49.44797850000032,24383.328125,24564.0,100.0,1.0,96.991,44.0,2685.0
49.50930470000094,24383.328125,24564.0,100.0,1.0,96.991,44.0,2685.0
49.57088660000045,24383.328125,24564.0,100.0,1.0,96.991,44.0,2685.0
49.63221150000027,24383.328125,24564.0,100.0,1.0,96.991,44.0,2685.0
49.69255280000107,24383.328125,24564.0,100.0,1.0,96.991,44.0,2685.0
49.755798199999845,24383.328125,24564.0,100.0,1.0,96.991,44.0,2685.0
49.81703209999978,24383.328125,24564.0,100.0,1.0,96.991,44.0,2685.0
49.87749040000017,24383.328125,24564.0,100.0,1.0,97.015,44.0,2685.0
49.93833160000031,24383.328125,24564.0,100.0,1.0,97.015,44.0,2685.0
50.00010680000014,24383.328125,24564.0,100.0,1.0,97.015,44.0,2685.0
50.06228320000082,24383.328125,24564.0,100.0,1.0,97.015,44.0,2685.0
50.123943399999916,24383.328125,24564.0,100.0,1.0,97.015,44.0,2685.0
50.18583089999993,24383.328125,24564.0,100.0,1.0,97.015,44.0,2685.0
50.24749569999949,24383.328125,24564.0,100.0,1.0,97.015,44.0,2685.0
50.310187099999894,24383.328125,24564.0,100.0,1.0,97.015,44.0,2685.0
50.3721129000005,24383.328125,24564.0,100.0,1.0,97.015,44.0,2685.0
50.43203480000011,24383.328125,24564.0,100.0,1.0,96.8,45.0,2685.0
50.49231730000065,24383.328125,24564.0,100.0,1.0,96.8,45.0,2685.0
50.55412079999951,24383.328125,24564.0,100.0,1.0,96.8,45.0,2685.0
50.615702499999315,24383.328125,24564.0,100.0,1.0,96.8,45.0,2685.0
50.67800530000022,24383.328125,24564.0,100.0,1.0,96.8,45.0,2685.0
50.7392576000002,24383.328125,24564.0,100.0,1.0,96.8,45.0,2685.0
50.80138280000028,24383.328125,24564.0,100.0,1.0,96.8,45.0,2685.0
50.86231919999955,24383.328125,24564.0,100.0,1.0,96.8,45.0,2685.0
50.9246263999994,24383.328125,24564.0,97.0,24.0,99.014,45.0,2685.0
50.987209700000676,24383.328125,24564.0,97.0,24.0,99.014,45.0,2685.0
51.04720400000042,24383.328125,24564.0,97.0,24.0,99.014,45.0,2685.0
51.10824590000084,24383.328125,24564.0,97.0,24.0,99.014,45.0,2685.0
51.16917079999985,24383.328125,24564.0,97.0,24.0,99.014,45.0,2685.0
51.2310722000002,24383.328125,24564.0,97.0,24.0,99.014,45.0,2685.0
51.293814500000735,24383.328125,24564.0,97.0,24.0,99.014,45.0,2685.0
51.355626599999596,24383.328125,24564.0,97.0,24.0,99.014,45.0,2685.0
51.41730559999996,24383.328125,24564.0,99.0,19.0,100.002,45.0,2685.0
51.478046399999585,24383.328125,24564.0,99.0,19.0,100.002,45.0,2685.0
51.5393925999997,24383.328125,24564.0,99.0,19.0,100.002,45.0,2685.0
51.602040300000226,24383.328125,24564.0,99.0,19.0,100.002,45.0,2685.0
51.662016199999925,24383.328125,24564.0,99.0,19.0,100.002,45.0,2685.0
51.72233860000051,24383.328125,24564.0,99.0,19.0,100.002,45.0,2685.0
51.782170000000406,24383.328125,24564.0,99.0,19.0,100.002,45.0,2685.0
51.84453930000018,24383.328125,24564.0,99.0,19.0,100.002,45.0,2685.0
51.907238800000414,24383.328125,24564.0,100.0,1.0,100.14,45.0,2685.0
51.96734180000021,24383.328125,24564.0,100.0,1.0,100.14,45.0,2685.0
52.029177500000515,24383.328125,24564.0,100.0,1.0,100.14,45.0,2685.0
52.09099269999933,24383.328125,24564.0,100.0,1.0,100.14,45.0,2685.0
52.152215899999646,24383.328125,24564.0,100.0,1.0,100.14,45.0,2685.0
52.215018099999725,24383.328125,24564.0,100.0,1.0,100.14,45.0,2685.0
52.277402199999415,24383.328125,24564.0,100.0,1.0,100.14,45.0,2685.0
52.33890640000027,24383.328125,24564.0,100.0,1.0,100.14,45.0,2685.0
52.40052319999995,24383.328125,24564.0,100.0,1.0,99.775,45.0,2685.0
52.46197249999932,24383.328125,24564.0,100.0,1.0,99.775,45.0,2685.0
52.522456700000475,24383.328125,24564.0,100.0,1.0,99.775,45.0,2685.0
52.584804500000246,24383.328125,24564.0,100.0,1.0,99.775,45.0,2685.0
52.645669100000305,24383.328125,24564.0,100.0,1.0,99.775,45.0,2685.0
52.70790570000099,24383.328125,24564.0,100.0,1.0,99.775,45.0,2685.0
52.77021910000076,24383.328125,24564.0,100.0,1.0,99.775,45.0,2685.0
52.832197600000654,24383.328125,24564.0,100.0,1.0,99.775,45.0,2685.0
52.893125900000086,24383.328125,24564.0,100.0,1.0,96.823,45.0,2685.0
52.953885299999456,24383.328125,24564.0,100.0,1.0,96.823,45.0,2685.0
53.016459000000395,24383.328125,24564.0,100.0,1.0,96.823,45.0,2685.0
53.07723880000049,24383.328125,24564.0,100.0,1.0,96.823,45.0,2685.0
53.13703279999936,24383.328125,24564.0,100.0,1.0,96.823,45.0,2685.0
53.197338500000114,24383.328125,24564.0,100.0,1.0,96.823,45.0,2685.0
53.259532000000036,24383.328125,24564.0,100.0,1.0,96.823,45.0,2685.0
53.322015400000964,24383.328125,24564.0,100.0,1.0,96.823,45.0,2685.0
53.38199920000079,24383.328125,24564.0,100.0,1.0,96.753,44.0,2685.0
53.44225019999976,24383.328125,24564.0,100.0,1.0,96.753,44.0,2685.0
53.501982300000236,24383.328125,24564.0,100.0,1.0,96.753,44.0,2685.0
53.562331000000995,24383.328125,24564.0,100.0,1.0,96.753,44.0,2685.0
53.622760899999776,24383.328125,24564.0,100.0,1.0,96.753,44.0,2685.0
53.68395690000034,24383.328125,24564.0,100.0,1.0,96.753,44.0,2685.0
53.74524310000015,24383.328125,24564.0,100.0,1.0,96.753,44.0,2685.0
53.807327700000315,24383.328125,24564.0,100.0,1.0,96.753,44.0,2685.0
53.868182300000626,24383.328125,24564.0,100.0,1.0,96.753,44.0,2685.0
53.928938999999446,24383.328125,24564.0,100.0,1.0,96.725,44.0,2685.0
53.991201900000306,24383.328125,24564.0,100.0,1.0,96.725,44.0,2685.0
54.05247869999948,24383.328125,24564.0,100.0,1.0,96.725,44.0,2685.0
54.11223500000051,24383.328125,24564.0,100.0,1.0,96.725,44.0,2685.0
54.173542200000156,24383.328125,24564.0,100.0,1.0,96.725,44.0,2685.0
54.23681729999953,24383.328125,24564.0,100.0,1.0,96.725,44.0,2685.0
54.29960790000041,24383.328125,24564.0,100.0,1.0,96.725,44.0,2685.0
54.362061100000574,24383.328125,24564.0,100.0,1.0,96.725,44.0,2685.0
54.42233500000111,24383.328125,24564.0,98.0,1.0,96.658,46.0,2685.0
54.48396979999961,24383.328125,24564.0,98.0,1.0,96.658,46.0,2685.0
54.54708720000053,24383.328125,24564.0,98.0,1.0,96.658,46.0,2685.0
54.60700630000065,24383.328125,24564.0,98.0,1.0,96.658,46.0,2685.0
54.66691069999979,24383.328125,24564.0,98.0,1.0,96.658,46.0,2685.0
54.72720750000008,24383.328125,24564.0,98.0,1.0,96.658,46.0,2685.0
54.788203600001,24383.328125,24564.0,98.0,1.0,96.658,46.0,2685.0
54.847784200001115,24383.328125,24564.0,98.0,1.0,96.658,46.0,2685.0
54.908368399999745,24383.328125,24564.0,97.0,19.0,98.409,45.0,2685.0
54.970612600000095,24383.328125,24564.0,97.0,19.0,98.409,45.0,2685.0
55.03196530000059,24383.328125,24564.0,97.0,19.0,98.409,45.0,2685.0
55.09251620000032,24383.328125,24564.0,97.0,19.0,98.409,45.0,2685.0
55.15533520000099,24383.328125,24564.0,97.0,19.0,98.409,45.0,2685.0
55.21696200000042,24383.328125,24564.0,97.0,19.0,98.409,45.0,2685.0
55.27748939999947,24383.328125,24564.0,97.0,19.0,98.409,45.0,2685.0
55.340474700000414,24383.328125,24564.0,97.0,19.0,98.409,45.0,2685.0
55.402175799999895,24383.328125,24564.0,97.0,27.0,100.223,45.0,2685.0
55.46500279999964,24383.328125,24564.0,97.0,27.0,100.223,45.0,2685.0
55.52743620000001,24383.328125,24564.0,97.0,27.0,100.223,45.0,2685.0
55.58865209999931,24383.328125,24564.0,97.0,27.0,100.223,45.0,2685.0
55.650079999999434,24383.328125,24564.0,97.0,27.0,100.223,45.0,2685.0
55.7102773000006,24383.328125,24564.0,97.0,27.0,100.223,45.0,2685.0
55.77219569999943,24383.328125,24564.0,97.0,27.0,100.223,45.0,2685.0
55.83270050000101,24383.328125,24564.0,97.0,27.0,100.223,45.0,2685.0
55.895285099999455,24383.328125,24564.0,99.0,19.0,100.274,45.0,2685.0
55.95661420000033,24383.328125,24564.0,99.0,19.0,100.274,45.0,2685.0
56.01746800000001,24383.328125,24564.0,99.0,19.0,100.274,45.0,2685.0
56.08022010000059,24383.328125,24564.0,99.0,19.0,100.274,45.0,2685.0
56.14112659999955,24383.328125,24564.0,99.0,19.0,100.274,45.0,2685.0
56.20237360000101,24383.328125,24564.0,99.0,19.0,100.274,45.0,2685.0
56.26305289999982,24383.328125,24564.0,99.0,19.0,100.274,45.0,2685.0
56.32583560000057,24383.328125,24564.0,99.0,19.0,100.274,45.0,2685.0
56.38733730000058,24383.328125,24564.0,100.0,1.0,100.119,45.0,2685.0
56.44827819999955,24383.328125,24564.0,100.0,1.0,100.119,45.0,2685.0
56.510043100000985,24383.328125,24564.0,100.0,1.0,100.119,45.0,2685.0
56.572462500000256,24383.328125,24564.0,100.0,1.0,100.119,45.0,2685.0
56.6347982999996,24383.328125,24564.0,100.0,1.0,100.119,45.0,2685.0
56.69534200000089,24383.328125,24564.0,100.0,1.0,100.119,45.0,2685.0
56.75726940000095,24383.328125,24564.0,100.0,1.0,100.119,45.0,2685.0
56.818014599999515,24383.328125,24564.0,100.0,1.0,100.119,45.0,2685.0
56.87920850000046,24383.328125,24564.0,99.0,1.0,99.619,44.0,2685.0
56.93939689999934,24383.328125,24564.0,99.0,1.0,99.619,44.0,2685.0
57.00170900000012,24383.328125,24564.0,99.0,1.0,99.619,44.0,2685.0
57.062482700001055,24383.328125,24564.0,99.0,1.0,99.619,44.0,2685.0
57.124717300001066,24383.328125,24564.0,99.0,1.0,99.619,44.0,2685.0
57.18657890000031,24383.328125,24564.0,99.0,1.0,99.619,44.0,2685.0
57.24726750000082,24383.328125,24564.0,99.0,1.0,99.619,44.0,2685.0
57.3070545999999,24383.328125,24564.0,99.0,1.0,99.619,44.0,2685.0
57.36752290000004,24383.328125,24564.0,99.0,1.0,99.619,44.0,2685.0
57.42919780000011,24383.328125,24564.0,99.0,1.0,96.415,44.0,2685.0
57.49052099999972,24383.328125,24564.0,99.0,1.0,96.415,44.0,2685.0
57.552629499999966,24383.328125,24564.0,99.0,1.0,96.415,44.0,2685.0
57.6135291999999,24383.328125,24564.0,99.0,1.0,96.415,44.0,2685.0
57.67527809999956,24383.328125,24564.0,99.0,1.0,96.415,44.0,2685.0
57.73708670000087,24383.328125,24564.0,99.0,1.0,96.415,44.0,2685.0
57.798058800000945,24383.328125,24564.0,99.0,1.0,96.415,44.0,2685.0
57.86020880000069,24383.328125,24564.0,99.0,1.0,96.415,44.0,2685.0
57.92219320000004,24383.328125,24564.0,100.0,1.0,96.431,44.0,2685.0
57.98228580000068,24383.328125,24564.0,100.0,1.0,96.431,44.0,2685.0
58.042430200001036,24383.328125,24564.0,100.0,1.0,96.431,44.0,2685.0
58.102738900000986,24383.328125,24564.0,100.0,1.0,96.431,44.0,2685.0
58.163536699999895,24383.328125,24564.0,100.0,1.0,96.431,44.0,2685.0
58.22575189999952,24383.328125,24564.0,100.0,1.0,96.431,44.0,2685.0
58.28720710000016,24383.328125,24564.0,100.0,1.0,96.431,44.0,2685.0
58.34727659999953,24383.328125,24564.0,100.0,1.0,96.431,44.0,2685.0
58.40853900000002,24383.328125,24564.0,100.0,1.0,96.645,44.0,2685.0
58.47221730000092,24383.328125,24564.0,100.0,1.0,96.645,44.0,2685.0
58.532159800000954,24383.328125,24564.0,100.0,1.0,96.645,44.0,2685.0
58.592534699999305,24383.328125,24564.0,100.0,1.0,96.645,44.0,2685.0
58.65566519999993,24383.328125,24564.0,100.0,1.0,96.645,44.0,2685.0
58.71736779999992,24383.328125,24564.0,100.0,1.0,96.645,44.0,2685.0
58.77892790000078,24383.328125,24564.0,100.0,1.0,96.645,44.0,2685.0
58.84125219999987,24383.328125,24564.0,100.0,1.0,96.645,44.0,2685.0
58.902360600000975,24383.328125,24564.0,100.0,1.0,96.577,45.0,2685.0
58.96308429999954,24383.328125,24564.0,100.0,1.0,96.577,45.0,2685.0
59.02586049999991,24383.328125,24564.0,100.0,1.0,96.577,45.0,2685.0
59.08861799999977,24383.328125,24564.0,100.0,1.0,96.577,45.0,2685.0
59.150238700000045,24383.328125,24564.0,100.0,1.0,96.577,45.0,2685.0
59.212141600000905,24383.328125,24564.0,100.0,1.0,96.577,45.0,2685.0
59.27233350000097,24383.328125,24564.0,100.0,1.0,96.577,45.0,2685.0
59.334104800000205,24383.328125,24564.0,100.0,1.0,96.577,45.0,2685.0
59.39729690000058,24383.328125,24564.0,97.0,22.0,98.478,45.0,2685.0
59.45861839999998,24383.328125,24564.0,97.0,22.0,98.478,45.0,2685.0
59.52089030000025,24383.328125,24564.0,97.0,22.0,98.478,45.0,2685.0
59.582000599999446,24383.328125,24564.0,97.0,22.0,98.478,45.0,2685.0
59.64223750000019,24383.328125,24564.0,97.0,22.0,98.478,45.0,2685.0
59.702449100001104,24383.328125,24564.0,97.0,22.0,98.478,45.0,2685.0
59.76361800000086,24383.328125,24564.0,97.0,22.0,98.478,45.0,2685.0
59.82487949999995,24383.328125,24564.0,97.0,22.0,98.478,45.0,2685.0
59.886098500001026,24383.328125,24564.0,97.0,30.0,100.02,45.0,2685.0
59.94718990000001,24383.328125,24564.0,97.0,30.0,100.02,45.0,2685.0
60.00795710000057,24383.328125,24564.0,97.0,30.0,100.02,45.0,2685.0
60.06951570000092,24383.328125,24564.0,97.0,30.0,100.02,45.0,2685.0
60.13228359999994,24383.328125,24564.0,97.0,30.0,100.02,45.0,2685.0
60.19473509999989,24383.328125,24564.0,97.0,30.0,100.02,45.0,2685.0
60.25701140000092,24383.328125,24564.0,97.0,30.0,100.02,45.0,2685.0
60.31739270000071,24383.328125,24564.0,97.0,30.0,100.02,45.0,2685.0
60.37867229999938,24383.328125,24564.0,100.0,4.0,100.072,45.0,2685.0
60.44233610000083,24383.328125,24564.0,100.0,4.0,100.072,45.0,2685.0
60.50463640000089,24383.328125,24564.0,100.0,4.0,100.072,45.0,2685.0
60.56704340000033,24383.328125,24564.0,100.0,4.0,100.072,45.0,2685.0
60.62737080000079,24383.328125,24564.0,100.0,4.0,100.072,45.0,2685.0
60.68740290000096,24383.328125,24564.0,100.0,4.0,100.072,45.0,2685.0
60.748049300000275,24383.328125,24564.0,100.0,4.0,100.072,45.0,2685.0
60.808260800000426,24383.328125,24564.0,100.0,4.0,100.072,45.0,2685.0
60.87061949999952,24383.328125,24564.0,100.0,4.0,100.072,45.0,2685.0
60.93229319999955,24383.328125,24564.0,100.0,1.0,100.17,44.0,2685.0
60.99513239999942,24383.328125,24564.0,100.0,1.0,100.17,44.0,2685.0
61.055915599999935,24383.328125,24564.0,100.0,1.0,100.17,44.0,2685.0
61.11743799999931,24383.328125,24564.0,100.0,1.0,100.17,44.0,2685.0
61.17982260000099,24383.328125,24564.0,100.0,1.0,100.17,44.0,2685.0
61.24099500000011,24383.328125,24564.0,100.0,1.0,100.17,44.0,2685.0
61.3023890000004,24383.328125,24564.0,100.0,1.0,100.17,44.0,2685.0
61.36242400000083,24383.328125,24564.0,100.0,1.0,100.17,44.0,2685.0
61.424702100001014,24383.328125,24564.0,100.0,1.0,97.495,44.0,2685.0
61.48737720000099,24383.328125,24564.0,100.0,1.0,97.495,44.0,2685.0
61.549655099999654,24383.328125,24564.0,100.0,1.0,97.495,44.0,2685.0
61.61198220000006,24383.328125,24564.0,100.0,1.0,97.495,44.0,2685.0
61.672431299999516,24383.328125,24564.0,100.0,1.0,97.495,44.0,2685.0
61.7341262000009,24383.328125,24564.0,100.0,1.0,97.495,44.0,2685.0
61.79579190000004,24383.328125,24564.0,100.0,1.0,97.495,44.0,2685.0
61.85797409999941,24383.328125,24564.0,100.0,1.0,97.495,44.0,2685.0
61.91900309999983,24383.328125,24564.0,100.0,1.0,96.722,44.0,2685.0
61.98024980000082,24383.328125,24564.0,100.0,1.0,96.722,44.0,2685.0
62.04142259999935,24383.328125,24564.0,100.0,1.0,96.722,44.0,2685.0
62.102069099999426,24383.328125,24564.0,100.0,1.0,96.722,44.0,2685.0
62.162987100000464,24383.328125,24564.0,100.0,1.0,96.722,44.0,2685.0
62.225749299999734,24383.328125,24564.0,100.0,1.0,96.722,44.0,2685.0
62.28750570000011,24383.328125,24564.0,100.0,1.0,96.722,44.0,2685.0
62.35018440000022,24383.328125,24564.0,100.0,1.0,96.722,44.0,2685.0
62.4113784000001,24383.328125,24564.0,100.0,1.0,96.748,44.0,2685.0
62.472575400001006,24383.328125,24564.0,100.0,1.0,96.748,44.0,2685.0
62.53541170000062,24383.328125,24564.0,100.0,1.0,96.748,44.0,2685.0
62.59714370000074,24383.328125,24564.0,100.0,1.0,96.748,44.0,2685.0
62.657475500000146,24383.328125,24564.0,100.0,1.0,96.748,44.0,2685.0
62.719189900000856,24383.328125,24564.0,100.0,1.0,96.748,44.0,2685.0
62.782187000000704,24383.328125,24564.0,100.0,1.0,96.748,44.0,2685.0
62.84242810000069,24383.328125,24564.0,100.0,1.0,96.748,44.0,2685.0
62.90247839999938,24383.328125,24564.0,100.0,1.0,96.714,44.0,2685.0
62.96466490000057,24383.328125,24564.0,100.0,1.0,96.714,44.0,2685.0
63.02644640000108,24383.328125,24564.0,100.0,1.0,96.714,44.0,2685.0
63.08719680000104,24383.328125,24564.0,100.0,1.0,96.714,44.0,2685.0
63.14746600000035,24383.328125,24564.0,100.0,1.0,96.714,44.0,2685.0
63.20724270000028,24383.328125,24564.0,100.0,1.0,96.714,44.0,2685.0
63.26927020000039,24383.328125,24564.0,100.0,1.0,96.714,44.0,2685.0
63.33218520000082,24383.328125,24564.0,100.0,1.0,96.714,44.0,2685.0
63.39219910000065,24383.328125,24564.0,100.0,1.0,96.87,44.0,2685.0
63.45351810000102,24383.328125,24564.0,100.0,1.0,96.87,44.0,2685.0
63.51724590000049,24383.328125,24564.0,100.0,1.0,96.87,44.0,2685.0
63.58014390000062,24383.328125,24564.0,100.0,1.0,96.87,44.0,2685.0
63.64238570000089,24383.328125,24564.0,100.0,1.0,96.87,44.0,2685.0
63.70369930000015,24383.328125,24564.0,100.0,1.0,96.87,44.0,2685.0
63.76617120000083,24383.328125,24564.0,100.0,1.0,96.87,44.0,2685.0
63.82914560000063,24383.328125,24564.0,100.0,1.0,96.87,44.0,2685.0
63.89141279999967,24383.328125,24564.0,100.0,1.0,96.768,44.0,2685.0
63.95209029999933,24383.328125,24564.0,100.0,1.0,96.768,44.0,2685.0
64.01245840000047,24383.328125,24564.0,100.0,1.0,96.768,44.0,2685.0
64.07409610000104,24383.328125,24564.0,100.0,1.0,96.768,44.0,2685.0
64.13598009999987,24383.328125,24564.0,100.0,1.0,96.768,44.0,2685.0
64.1971768000003,24383.328125,24564.0,100.0,1.0,96.768,44.0,2685.0
64.25714359999984,24383.328125,24564.0,100.0,1.0,96.768,44.0,2685.0
64.31729819999964,24383.328125,24564.0,100.0,1.0,96.768,44.0,2685.0
64.37861359999988,24383.328125,24564.0,98.0,2.0,96.59,45.0,2685.0
64.43944170000032,24383.328125,24564.0,98.0,2.0,96.59,45.0,2685.0
64.5021127,24383.328125,24564.0,98.0,2.0,96.59,45.0,2685.0
64.5623854000005,24383.328125,24564.0,98.0,2.0,96.59,45.0,2685.0
64.62251860000106,24383.328125,24564.0,98.0,2.0,96.59,45.0,2685.0
64.68498569999974,24383.328125,24564.0,98.0,2.0,96.59,45.0,2685.0
64.74721150000005,24383.328125,24564.0,98.0,2.0,96.59,45.0,2685.0
64.8074056000005,24383.328125,24564.0,98.0,2.0,96.59,45.0,2685.0
64.868077000001,24383.328125,24564.0,98.0,2.0,96.59,45.0,2685.0
64.93031400000109,24383.328125,24564.0,97.0,14.0,98.029,45.0,2685.0
64.99231859999963,24383.328125,24564.0,97.0,14.0,98.029,45.0,2685.0
65.0532191000002,24383.328125,24564.0,97.0,14.0,98.029,45.0,2685.0
65.11302129999967,24383.328125,24564.0,97.0,14.0,98.029,45.0,2685.0
65.1750806,24383.328125,24564.0,97.0,14.0,98.029,45.0,2685.0
65.23732899999959,24383.328125,24564.0,97.0,14.0,98.029,45.0,2685.0
65.2996736999994,24383.328125,24564.0,97.0,14.0,98.029,45.0,2685.0
65.36250180000025,24383.328125,24564.0,97.0,14.0,98.029,45.0,2685.0
65.42313810000087,24383.328125,24564.0,97.0,27.0,99.99,45.0,2685.0
65.48470930000076,24383.328125,24564.0,97.0,27.0,99.99,45.0,2685.0
65.54700570000023,24383.328125,24564.0,97.0,27.0,99.99,45.0,2685.0
65.60819129999982,24383.328125,24564.0,97.0,27.0,99.99,45.0,2685.0
65.67008540000097,24383.328125,24564.0,97.0,27.0,99.99,45.0,2685.0
65.73161670000081,24383.328125,24564.0,97.0,27.0,99.99,45.0,2685.0
65.79208760000074,24383.328125,24564.0,97.0,27.0,99.99,45.0,2685.0
65.85223810000025,24383.328125,24564.0,97.0,27.0,99.99,45.0,2685.0
65.9122380000008,24383.328125,24564.0,100.0,13.0,100.143,45.0,2685.0
65.9733570999997,24383.328125,24564.0,100.0,13.0,100.143,45.0,2685.0
66.03624029999992,24383.328125,24564.0,100.0,13.0,100.143,45.0,2685.0
66.09853049999947,24383.328125,24564.0,100.0,13.0,100.143,45.0,2685.0
66.16094730000077,24383.328125,24564.0,100.0,13.0,100.143,45.0,2685.0
66.2232882999997,24383.328125,24564.0,100.0,13.0,100.143,45.0,2685.0
66.28515470000093,24383.328125,24564.0,100.0,13.0,100.143,45.0,2685.0
66.34717400000045,24383.328125,24564.0,100.0,13.0,100.143,45.0,2685.0
66.4075795000008,24383.328125,24564.0,99.0,1.0,100.146,44.0,2685.0
66.4685429000001,24383.328125,24564.0,99.0,1.0,100.146,44.0,2685.0
66.53064880000056,24383.328125,24564.0,99.0,1.0,100.146,44.0,2685.0
66.59218630000032,24383.328125,24564.0,99.0,1.0,100.146,44.0,2685.0
66.65344750000077,24383.328125,24564.0,99.0,1.0,100.146,44.0,2685.0
66.71731240000008,24383.328125,24564.0,99.0,1.0,100.146,44.0,2685.0
66.7791412000006,24383.328125,24564.0,99.0,1.0,100.146,44.0,2685.0
66.84078109999973,24383.328125,24564.0,99.0,1.0,100.146,44.0,2685.0
66.90212419999989,24383.328125,24564.0,99.0,1.0,99.098,44.0,2685.0
66.96240249999937,24383.328125,24564.0,99.0,1.0,99.098,44.0,2685.0
67.02521890000025,24383.328125,24564.0,99.0,1.0,99.098,44.0,2685.0
67.08745620000082,24383.328125,24564.0,99.0,1.0,99.098,44.0,2685.0
67.14886169999954,24383.328125,24564.0,99.0,1.0,99.098,44.0,2685.0
67.21036090000052,24383.328125,24564.0,99.0,1.0,99.098,44.0,2685.0
67.27224449999994,24383.328125,24564.0,99.0,1.0,99.098,44.0,2685.0
67.33508339999935,24383.328125,24564.0,99.0,1.0,99.098,44.0,2685.0
67.39686880000045,24383.328125,24564.0,99.0,7.0,117.932,52.0,2685.0
67.45705950000047,24383.328125,24564.0,99.0,7.0,117.932,52.0,2685.0
67.51728530000037,24383.328125,24564.0,99.0,7.0,117.932,52.0,2685.0
67.57858090000082,24383.328125,24564.0,99.0,7.0,117.932,52.0,2685.0
67.6422963999994,24383.328125,24564.0,99.0,7.0,117.932,52.0,2685.0
67.70251300000018,24383.328125,24564.0,99.0,7.0,117.932,52.0,2685.0
67.76381609999953,24383.328125,24564.0,99.0,7.0,117.932,52.0,2685.0
67.82399950000035,24383.328125,24564.0,99.0,7.0,117.932,52.0,2685.0
67.88601449999987,24383.328125,24564.0,100.0,1.0,160.114,46.0,2685.0
67.94915600000058,24383.328125,24564.0,100.0,1.0,160.114,46.0,2685.0
68.01308840000092,24383.328125,24564.0,100.0,1.0,160.114,46.0,2685.0
68.0756061000011,24383.328125,24564.0,100.0,1.0,160.114,46.0,2685.0
68.13743009999962,24383.328125,24564.0,100.0,1.0,160.114,46.0,2685.0
68.19932390000031,24383.328125,24564.0,100.0,1.0,160.114,46.0,2685.0
68.26113509999959,24383.328125,24564.0,100.0,1.0,160.114,46.0,2685.0
68.3224537999995,24383.328125,24564.0,100.0,1.0,160.114,46.0,2685.0
68.38380289999986,24383.328125,24564.0,100.0,1.0,147.193,45.0,2685.0
68.44719530000111,24383.328125,24564.0,100.0,1.0,147.193,45.0,2685.0
68.50735499999973,24383.328125,24564.0,100.0,1.0,147.193,45.0,2685.0
68.56862580000052,24383.328125,24564.0,100.0,1.0,147.193,45.0,2685.0
68.63013090000095,24383.328125,24564.0,100.0,1.0,147.193,45.0,2685.0
68.69220119999954,24383.328125,24564.0,100.0,1.0,147.193,45.0,2685.0
68.75231069999973,24383.328125,24564.0,100.0,1.0,147.193,45.0,2685.0
68.81383599999936,24383.328125,24564.0,100.0,1.0,147.193,45.0,2685.0
68.87742830000025,24383.328125,24564.0,100.0,1.0,94.864,45.0,2685.0
68.93971229999988,24383.328125,24564.0,100.0,1.0,94.864,45.0,2685.0
69.00244130000101,24383.328125,24564.0,100.0,1.0,94.864,45.0,2685.0
69.06367130000035,24383.328125,24564.0,100.0,1.0,94.864,45.0,2685.0
69.12608550000004,24383.328125,24564.0,100.0,1.0,94.864,45.0,2685.0
69.186324100001,24383.328125,24564.0,100.0,1.0,94.864,45.0,2685.0
69.24728139999934,24383.328125,24564.0,100.0,1.0,94.864,45.0,2685.0
69.30840040000112,24383.328125,24564.0,100.0,1.0,94.864,45.0,2685.0
69.37054279999938,24383.328125,24564.0,100.0,1.0,94.864,45.0,2685.0
69.43130080000083,24383.328125,24564.0,100.0,1.0,94.022,45.0,2685.0
69.49237390000053,24383.328125,24564.0,100.0,1.0,94.022,45.0,2685.0
69.55364530000043,24383.328125,24564.0,100.0,1.0,94.022,45.0,2685.0
69.61593770000036,24383.328125,24564.0,100.0,1.0,94.022,45.0,2685.0
69.67715230000067,24383.328125,24564.0,100.0,1.0,94.022,45.0,2685.0
69.73750549999932,24383.328125,24564.0,100.0,1.0,94.022,45.0,2685.0
69.79970909999975,24383.328125,24564.0,100.0,1.0,94.022,45.0,2685.0
69.8601262000011,24383.328125,24564.0,100.0,1.0,94.022,45.0,2685.0
69.92232979999972,24383.328125,24564.0,100.0,1.0,94.369,45.0,2685.0
69.98477400000047,24383.328125,24564.0,100.0,1.0,94.369,45.0,2685.0
70.04704979999951,24383.328125,24564.0,100.0,1.0,94.369,45.0,2685.0
70.10763220000081,24383.328125,24564.0,100.0,1.0,94.369,45.0,2685.0
70.17035399999986,24383.328125,24564.0,100.0,1.0,94.369,45.0,2685.0
70.23228680000102,24383.328125,24564.0,100.0,1.0,94.369,45.0,2685.0
70.29214370000045,24383.328125,24564.0,100.0,1.0,94.369,45.0,2685.0
70.35245310000028,24383.328125,24564.0,100.0,1.0,94.369,45.0,2685.0
70.41423190000023,24383.328125,24564.0,100.0,1.0,95.077,45.0,2685.0
70.4759795000009,24383.328125,24564.0,100.0,1.0,95.077,45.0,2685.0
70.5376326000005,24383.328125,24564.0,100.0,1.0,95.077,45.0,2685.0
70.600339300001,24383.328125,24564.0,100.0,1.0,95.077,45.0,2685.0
70.66248760000053,24383.328125,24564.0,100.0,1.0,95.077,45.0,2685.0
70.72446929999933,24383.328125,24564.0,100.0,1.0,95.077,45.0,2685.0
70.78508689999944,24383.328125,24564.0,100.0,1.0,95.077,45.0,2685.0
70.84617810000054,24383.328125,24564.0,100.0,1.0,95.077,45.0,2685.0
70.90739240000039,24383.328125,24564.0,100.0,1.0,94.272,45.0,2685.0
70.96928730000036,24383.328125,24564.0,100.0,1.0,94.272,45.0,2685.0
71.03006090000054,24383.328125,24564.0,100.0,1.0,94.272,45.0,2685.0
71.09078030000092,24383.328125,24564.0,100.0,1.0,94.272,45.0,2685.0
71.15311830000064,24383.328125,24564.0,100.0,1.0,94.272,45.0,2685.0
71.21501669999998,24383.328125,24564.0,100.0,1.0,94.272,45.0,2685.0
71.27628809999987,24383.328125,24564.0,100.0,1.0,94.272,45.0,2685.0
71.33828979999998,24383.328125,24564.0,100.0,1.0,94.272,45.0,2685.0
71.40039889999935,24383.328125,24564.0,100.0,1.0,94.676,45.0,2685.0
71.46212680000099,24383.328125,24564.0,100.0,1.0,94.676,45.0,2685.0
71.52247630000056,24383.328125,24564.0,100.0,1.0,94.676,45.0,2685.0
71.58500360000107,24383.328125,24564.0,100.0,1.0,94.676,45.0,2685.0
71.6452289000008,24383.328125,24564.0,100.0,1.0,94.676,45.0,2685.0
71.70752560000074,24383.328125,24564.0,100.0,1.0,94.676,45.0,2685.0
71.76759680000032,24383.328125,24564.0,100.0,1.0,94.676,45.0,2685.0
71.83041849999972,24383.328125,24564.0,100.0,1.0,94.676,45.0,2685.0
71.8923835000005,24383.328125,24564.0,100.0,1.0,94.245,49.0,2685.0
71.95522119999987,24383.328125,24564.0,100.0,1.0,94.245,49.0,2685.0
72.01647360000061,24383.328125,24564.0,100.0,1.0,94.245,49.0,2685.0
72.07863329999964,24383.328125,24564.0,100.0,1.0,94.245,49.0,2685.0
72.14001479999934,24383.328125,24564.0,100.0,1.0,94.245,49.0,2685.0
72.20162209999944,24383.328125,24564.0,100.0,1.0,94.245,49.0,2685.0
72.2631951000003,24383.328125,24564.0,100.0,1.0,94.245,49.0,2685.0
72.32485240000096,24383.328125,24564.0,100.0,1.0,94.245,49.0,2685.0
72.38770719999957,24383.328125,24564.0,100.0,7.0,147.347,50.0,2685.0
72.4488053999994,24383.328125,24564.0,100.0,7.0,147.347,50.0,2685.0
72.51132870000038,24383.328125,24564.0,100.0,7.0,147.347,50.0,2685.0
72.5740939999996,24383.328125,24564.0,100.0,7.0,147.347,50.0,2685.0
72.63687829999981,24383.328125,24564.0,100.0,7.0,147.347,50.0,2685.0
72.6982809000001,24383.328125,24564.0,100.0,7.0,147.347,50.0,2685.0
72.75945769999998,24383.328125,24564.0,100.0,7.0,147.347,50.0,2685.0
72.82021669999995,24383.328125,24564.0,100.0,7.0,147.347,50.0,2685.0
72.88165339999978,24383.328125,24564.0,100.0,1.0,161.969,46.0,2685.0
72.94401300000027,24383.328125,24564.0,100.0,1.0,161.969,46.0,2685.0
73.00605890000043,24383.328125,24564.0,100.0,1.0,161.969,46.0,2685.0
73.06731260000015,24383.328125,24564.0,100.0,1.0,161.969,46.0,2685.0
73.12887589999991,24383.328125,24564.0,100.0,1.0,161.969,46.0,2685.0
73.19046940000044,24383.328125,24564.0,100.0,1.0,161.969,46.0,2685.0
73.2522315999995,24383.328125,24564.0,100.0,1.0,161.969,46.0,2685.0
73.31265910000002,24383.328125,24564.0,100.0,1.0,161.969,46.0,2685.0
73.37479820000044,24383.328125,24564.0,100.0,1.0,161.969,46.0,2685.0
73.43756930000018,24383.328125,24564.0,100.0,1.0,119.433,45.0,2685.0
73.50070760000017,24383.328125,24564.0,100.0,1.0,119.433,45.0,2685.0
73.56162539999968,24383.328125,24564.0,100.0,1.0,119.433,45.0,2685.0
73.62260030000107,24383.328125,24564.0,100.0,1.0,119.433,45.0,2685.0
73.68435789999967,24383.328125,24564.0,100.0,1.0,119.433,45.0,2685.0
73.7459275000001,24383.328125,24564.0,100.0,1.0,119.433,45.0,2685.0
73.80830389999937,24383.328125,24564.0,100.0,1.0,119.433,45.0,2685.0
73.87064500000088,24383.328125,24564.0,100.0,1.0,119.433,45.0,2685.0
73.93241119999948,24383.328125,24564.0,100.0,1.0,94.701,45.0,2685.0
73.99376570000095,24383.328125,24564.0,100.0,1.0,94.701,45.0,2685.0
74.05618479999976,24383.328125,24564.0,100.0,1.0,94.701,45.0,2685.0
74.11622060000082,24383.328125,24564.0,100.0,1.0,94.701,45.0,2685.0
74.17722959999992,24383.328125,24564.0,100.0,1.0,94.701,45.0,2685.0
74.23757099999966,24383.328125,24564.0,100.0,1.0,94.701,45.0,2685.0
74.30068890000075,24383.328125,24564.0,100.0,1.0,94.701,45.0,2685.0
74.36413670000002,24383.328125,24564.0,100.0,1.0,94.701,45.0,2685.0
74.42524790000061,24383.328125,24564.0,100.0,1.0,94.853,45.0,2685.0
74.48728420000043,24383.328125,24564.0,100.0,1.0,94.853,45.0,2685.0
74.54938790000051,24383.328125,24564.0,100.0,1.0,94.853,45.0,2685.0
74.61137570000028,24383.328125,24564.0,100.0,1.0,94.853,45.0,2685.0
74.67254130000038,24383.328125,24564.0,100.0,1.0,94.853,45.0,2685.0
74.73333670000102,24383.328125,24564.0,100.0,1.0,94.853,45.0,2685.0
74.79610569999932,24383.328125,24564.0,100.0,1.0,94.853,45.0,2685.0
74.85764960000051,24383.328125,24564.0,100.0,1.0,94.853,45.0,2685.0
74.92242550000083,24383.328125,24564.0,100.0,1.0,94.444,45.0,2685.0
74.98360739999953,24383.328125,24564.0,100.0,1.0,94.444,45.0,2685.0
75.0461174000011,24383.328125,24564.0,100.0,1.0,94.444,45.0,2685.0
75.10743080000066,24383.328125,24564.0,100.0,1.0,94.444,45.0,2685.0
75.17102119999981,24383.328125,24564.0,100.0,1.0,94.444,45.0,2685.0
75.23170460000074,24383.328125,24564.0,100.0,1.0,94.444,45.0,2685.0
75.29235160000098,24383.328125,24564.0,100.0,1.0,94.444,45.0,2685.0
75.3532864000008,24383.328125,24564.0,100.0,1.0,94.444,45.0,2685.0
75.41303460000017,24383.328125,24564.0,100.0,1.0,94.434,45.0,2685.0
75.47579940000105,24383.328125,24564.0,100.0,1.0,94.434,45.0,2685.0
75.5372894000011,24383.328125,24564.0,100.0,1.0,94.434,45.0,2685.0
75.59970539999995,24383.328125,24564.0,100.0,1.0,94.434,45.0,2685.0
75.66143139999986,24383.328125,24564.0,100.0,1.0,94.434,45.0,2685.0
75.72291159999986,24383.328125,24564.0,100.0,1.0,94.434,45.0,2685.0
75.78563530000065,24383.328125,24564.0,100.0,1.0,94.434,45.0,2685.0
75.84730579999996,24383.328125,24564.0,100.0,1.0,94.434,45.0,2685.0
75.90761100000054,24383.328125,24564.0,100.0,1.0,95.218,45.0,2685.0
75.97026560000086,24383.328125,24564.0,100.0,1.0,95.218,45.0,2685.0
76.03237930000068,24383.328125,24564.0,100.0,1.0,95.218,45.0,2685.0
76.09480000000076,24383.328125,24564.0,100.0,1.0,95.218,45.0,2685.0
76.15672509999968,24383.328125,24564.0,100.0,1.0,95.218,45.0,2685.0
76.21880950000013,24383.328125,24564.0,100.0,1.0,95.218,45.0,2685.0
76.2803870000007,24383.328125,24564.0,100.0,1.0,95.218,45.0,2685.0
76.34335339999961,24383.328125,24564.0,100.0,1.0,95.218,45.0,2685.0
76.40492020000056,24383.328125,24564.0,100.0,1.0,94.588,45.0,2685.0
76.46733929999937,24383.328125,24564.0,100.0,1.0,94.588,45.0,2685.0
76.52916469999946,24383.328125,24564.0,100.0,1.0,94.588,45.0,2685.0
76.59100469999976,24383.328125,24564.0,100.0,1.0,94.588,45.0,2685.0
76.65253549999943,24383.328125,24564.0,100.0,1.0,94.588,45.0,2685.0
76.71473979999973,24383.328125,24564.0,100.0,1.0,94.588,45.0,2685.0
76.77760219999982,24383.328125,24564.0,100.0,1.0,94.588,45.0,2685.0
76.83845990000009,24383.328125,24564.0,100.0,1.0,94.588,45.0,2685.0
76.89979809999932,24383.328125,24564.0,100.0,1.0,96.306,45.0,2685.0
76.96142999999938,24383.328125,24564.0,100.0,1.0,96.306,45.0,2685.0
77.02409970000008,24383.328125,24564.0,100.0,1.0,96.306,45.0,2685.0
77.08506490000036,24383.328125,24564.0,100.0,1.0,96.306,45.0,2685.0
77.14616990000104,24383.328125,24564.0,100.0,1.0,96.306,45.0,2685.0
77.20769850000033,24383.328125,24564.0,100.0,1.0,96.306,45.0,2685.0
77.26897909999934,24383.328125,24564.0,100.0,1.0,96.306,45.0,2685.0
77.33219260000078,24383.328125,24564.0,100.0,1.0,96.306,45.0,2685.0
77.39334439999948,24383.328125,24564.0,100.0,1.0,97.865,45.0,2685.0
77.45408570000109,24383.328125,24564.0,100.0,1.0,97.865,45.0,2685.0
77.51591159999953,24383.328125,24564.0,100.0,1.0,97.865,45.0,2685.0
77.57833539999956,24383.328125,24564.0,100.0,1.0,97.865,45.0,2685.0
77.64005429999997,24383.328125,24564.0,100.0,1.0,97.865,45.0,2685.0
77.70262759999969,24383.328125,24564.0,100.0,1.0,97.865,45.0,2685.0
77.76524129999962,24383.328125,24564.0,100.0,1.0,97.865,45.0,2685.0
77.82741189999979,24383.328125,24564.0,100.0,1.0,97.865,45.0,2685.0
77.88786210000035,24383.328125,24564.0,100.0,1.0,96.628,45.0,2685.0
77.95082899999943,24383.328125,24564.0,100.0,1.0,96.628,45.0,2685.0
78.01327730000048,24383.328125,24564.0,100.0,1.0,96.628,45.0,2685.0
78.07603930000005,24383.328125,24564.0,100.0,1.0,96.628,45.0,2685.0
78.13884870000038,24383.328125,24564.0,100.0,1.0,96.628,45.0,2685.0
78.20013800000015,24383.328125,24564.0,100.0,1.0,96.628,45.0,2685.0
78.26212850000047,24383.328125,24564.0,100.0,1.0,96.628,45.0,2685.0
78.3242252,24383.328125,24564.0,100.0,1.0,96.628,45.0,2685.0
78.3858538000004,24383.328125,24564.0,100.0,1.0,96.619,44.0,2685.0
78.44886270000097,24383.328125,24564.0,100.0,1.0,96.619,44.0,2685.0
78.50977760000023,24383.328125,24564.0,100.0,1.0,96.619,44.0,2685.0
78.5720368000002,24383.328125,24564.0,100.0,1.0,96.619,44.0,2685.0
78.63347050000084,24383.328125,24564.0,100.0,1.0,96.619,44.0,2685.0
78.69417950000025,24383.328125,24564.0,100.0,1.0,96.619,44.0,2685.0
78.75503220000064,24383.328125,24564.0,100.0,1.0,96.619,44.0,2685.0
78.817688000001,24383.328125,24564.0,100.0,1.0,96.619,44.0,2685.0
78.87988270000096,24383.328125,24564.0,100.0,1.0,96.5,45.0,2685.0
78.94233340000028,24383.328125,24564.0,100.0,1.0,96.5,45.0,2685.0
79.00418469999931,24383.328125,24564.0,100.0,1.0,96.5,45.0,2685.0
79.06604530000004,24383.328125,24564.0,100.0,1.0,96.5,45.0,2685.0
79.12747499999932,24383.328125,24564.0,100.0,1.0,96.5,45.0,2685.0
79.19032689999949,24383.328125,24564.0,100.0,1.0,96.5,45.0,2685.0
79.25108800000089,24383.328125,24564.0,100.0,1.0,96.5,45.0,2685.0
79.31410920000053,24383.328125,24564.0,100.0,1.0,96.5,45.0,2685.0
79.37613199999942,24383.328125,24564.0,100.0,1.0,96.5,45.0,2685.0
79.43732980000095,24383.328125,24564.0,100.0,1.0,96.565,45.0,2685.0
79.49957469999936,24383.328125,24564.0,100.0,1.0,96.565,45.0,2685.0
79.56181860000106,24383.328125,24564.0,100.0,1.0,96.565,45.0,2685.0
79.62341109999943,24383.328125,24564.0,100.0,1.0,96.565,45.0,2685.0
79.68427730000076,24383.328125,24564.0,100.0,1.0,96.565,45.0,2685.0
79.7450616999995,24383.328125,24564.0,100.0,1.0,96.565,45.0,2685.0
79.80493620000016,24383.328125,24564.0,100.0,1.0,96.565,45.0,2685.0
79.86559390000002,24383.328125,24564.0,100.0,1.0,96.565,45.0,2685.0
79.92821720000029,24383.328125,24564.0,97.0,22.0,98.856,45.0,2685.0
79.99000460000025,24383.328125,24564.0,97.0,22.0,98.856,45.0,2685.0
80.0508888000004,24383.328125,24564.0,97.0,22.0,98.856,45.0,2685.0
80.11306590000095,24383.328125,24564.0,97.0,22.0,98.856,45.0,2685.0
80.17533630000071,24383.328125,24564.0,97.0,22.0,98.856,45.0,2685.0
80.23523279999972,24383.328125,24564.0,97.0,22.0,98.856,45.0,2685.0
80.29756590000034,24383.328125,24564.0,97.0,22.0,98.856,45.0,2685.0
80.3606763000007,24383.328125,24564.0,97.0,22.0,98.856,45.0,2685.0
80.42341739999938,24383.328125,24564.0,97.0,26.0,99.774,45.0,2685.0
80.48545560000093,24383.328125,24564.0,97.0,26.0,99.774,45.0,2685.0
80.54769339999984,24383.328125,24564.0,97.0,26.0,99.774,45.0,2685.0
80.60830650000025,24383.328125,24564.0,97.0,26.0,99.774,45.0,2685.0
80.66940969999996,24383.328125,24564.0,97.0,26.0,99.774,45.0,2685.0
80.73226880000038,24383.328125,24564.0,97.0,26.0,99.774,45.0,2685.0
80.79316359999939,24383.328125,24564.0,97.0,26.0,99.774,45.0,2685.0
80.85535189999973,24383.328125,24564.0,97.0,26.0,99.774,45.0,2685.0
80.91787730000033,24383.328125,24564.0,100.0,1.0,99.988,45.0,2685.0
80.98000350000075,24383.328125,24564.0,100.0,1.0,99.988,45.0,2685.0
81.04063680000036,24383.328125,24564.0,100.0,1.0,99.988,45.0,2685.0
81.10305289999997,24383.328125,24564.0,100.0,1.0,99.988,45.0,2685.0
81.16534950000096,24383.328125,24564.0,100.0,1.0,99.988,45.0,2685.0
81.22610300000088,24383.328125,24564.0,100.0,1.0,99.988,45.0,2685.0
81.28841459999967,24383.328125,24564.0,100.0,1.0,99.988,45.0,2685.0
81.34967999999935,24383.328125,24564.0,100.0,1.0,99.988,45.0,2685.0
81.41104110000015,24383.328125,24564.0,100.0,1.0,100.066,45.0,2685.0
81.47308209999937,24383.328125,24564.0,100.0,1.0,100.066,45.0,2685.0
81.53419150000082,24383.328125,24564.0,100.0,1.0,100.066,45.0,2685.0
81.59786759999952,24383.328125,24564.0,100.0,1.0,100.066,45.0,2685.0
81.65836450000097,24383.328125,24564.0,100.0,1.0,100.066,45.0,2685.0
81.72022590000051,24383.328125,24564.0,100.0,1.0,100.066,45.0,2685.0
81.78243979999934,24383.328125,24564.0,100.0,1.0,100.066,45.0,2685.0
81.84524779999992,24383.328125,24564.0,100.0,1.0,100.066,45.0,2685.0
81.90617779999957,24383.328125,24564.0,100.0,1.0,96.601,45.0,2685.0
81.96837720000076,24383.328125,24564.0,100.0,1.0,96.601,45.0,2685.0
82.03010709999944,24383.328125,24564.0,100.0,1.0,96.601,45.0,2685.0
82.09206409999933,24383.328125,24564.0,100.0,1.0,96.601,45.0,2685.0
82.15439300000071,24383.328125,24564.0,100.0,1.0,96.601,45.0,2685.0
82.21613559999969,24383.328125,24564.0,100.0,1.0,96.601,45.0,2685.0
82.27788390000023,24383.328125,24564.0,100.0,1.0,96.601,45.0,2685.0
82.34062500000073,24383.328125,24564.0,100.0,1.0,96.601,45.0,2685.0
82.40314260000014,24383.328125,24564.0,99.0,1.0,96.767,45.0,2685.0
82.46589789999962,24383.328125,24564.0,99.0,1.0,96.767,45.0,2685.0
82.52857279999989,24383.328125,24564.0,99.0,1.0,96.767,45.0,2685.0
82.59080379999978,24383.328125,24564.0,99.0,1.0,96.767,45.0,2685.0
82.6533502000002,24383.328125,24564.0,99.0,1.0,96.767,45.0,2685.0
82.71522999999979,24383.328125,24564.0,99.0,1.0,96.767,45.0,2685.0
82.77758540000104,24383.328125,24564.0,99.0,1.0,96.767,45.0,2685.0
82.83947989999979,24383.328125,24564.0,99.0,1.0,96.767,45.0,2685.0
82.90136069999971,24383.328125,24564.0,100.0,1.0,96.726,44.0,2685.0
82.96379720000004,24383.328125,24564.0,100.0,1.0,96.726,44.0,2685.0
83.02601920000052,24383.328125,24564.0,100.0,1.0,96.726,44.0,2685.0
83.08609910000087,24383.328125,24564.0,100.0,1.0,96.726,44.0,2685.0
83.1478016000001,24383.328125,24564.0,100.0,1.0,96.726,44.0,2685.0
83.2100272000007,24383.328125,24564.0,100.0,1.0,96.726,44.0,2685.0
83.27063110000017,24383.328125,24564.0,100.0,1.0,96.726,44.0,2685.0
83.33340020000105,24383.328125,24564.0,100.0,1.0,96.726,44.0,2685.0
83.3959448000005,24383.328125,24564.0,100.0,1.0,96.585,44.0,2685.0
83.45616449999943,24383.328125,24564.0,100.0,1.0,96.585,44.0,2685.0
83.51754389999951,24383.328125,24564.0,100.0,1.0,96.585,44.0,2685.0
83.58071829999972,24383.328125,24564.0,100.0,1.0,96.585,44.0,2685.0
83.64256770000065,24383.328125,24564.0,100.0,1.0,96.585,44.0,2685.0
83.70304940000096,24383.328125,24564.0,100.0,1.0,96.585,44.0,2685.0
83.76354970000102,24383.328125,24564.0,100.0,1.0,96.585,44.0,2685.0
83.82596670000021,24383.328125,24564.0,100.0,1.0,96.585,44.0,2685.0
83.88780609999958,24383.328125,24564.0,99.0,1.0,96.566,44.0,2685.0
83.95001609999963,24383.328125,24564.0,99.0,1.0,96.566,44.0,2685.0
84.01229590000003,24383.328125,24564.0,99.0,1.0,96.566,44.0,2685.0
84.07355490000009,24383.328125,24564.0,99.0,1.0,96.566,44.0,2685.0
84.13598810000076,24383.328125,24564.0,99.0,1.0,96.566,44.0,2685.0
84.19787970000107,24383.328125,24564.0,99.0,1.0,96.566,44.0,2685.0
84.25800770000023,24383.328125,24564.0,99.0,1.0,96.566,44.0,2685.0
84.31972830000086,24383.328125,24564.0,99.0,1.0,96.566,44.0,2685.0
84.38102459999936,24383.328125,24564.0,98.0,17.0,98.047,45.0,2685.0
84.44116270000086,24383.328125,24564.0,98.0,17.0,98.047,45.0,2685.0
84.5024869000008,24383.328125,24564.0,98.0,17.0,98.047,45.0,2685.0
84.56530680000105,24383.328125,24564.0,98.0,17.0,98.047,45.0,2685.0
84.6271467000006,24383.328125,24564.0,98.0,17.0,98.047,45.0,2685.0
84.68964199999937,24383.328125,24564.0,98.0,17.0,98.047,45.0,2685.0
84.75023610000062,24383.328125,24564.0,98.0,17.0,98.047,45.0,2685.0
84.81151099999988,24383.328125,24564.0,98.0,17.0,98.047,45.0,2685.0
84.87524719999965,24383.328125,24564.0,98.0,17.0,98.047,45.0,2685.0
84.93598750000092,24383.328125,24564.0,96.0,30.0,99.871,45.0,2685.0
84.99793940000018,24383.328125,24564.0,96.0,30.0,99.871,45.0,2685.0
85.06076050000047,24383.328125,24564.0,96.0,30.0,99.871,45.0,2685.0
85.12316129999999,24383.328125,24564.0,96.0,30.0,99.871,45.0,2685.0
85.18605960000059,24383.328125,24564.0,96.0,30.0,99.871,45.0,2685.0
85.24989939999978,24383.328125,24564.0,96.0,30.0,99.871,45.0,2685.0
85.31239190000088,24383.328125,24564.0,96.0,30.0,99.871,45.0,2685.0
85.37515770000027,24383.328125,24564.0,96.0,30.0,99.871,45.0,2685.0
85.43744909999987,24383.328125,24564.0,98.0,20.0,99.797,45.0,2685.0
85.49928250000085,24383.328125,24564.0,98.0,20.0,99.797,45.0,2685.0
85.5615140000009,24383.328125,24564.0,98.0,20.0,99.797,45.0,2685.0
85.62364160000106,24383.328125,24564.0,98.0,20.0,99.797,45.0,2685.0
85.68593449999935,24383.328125,24564.0,98.0,20.0,99.797,45.0,2685.0
85.74748420000105,24383.328125,24564.0,98.0,20.0,99.797,45.0,2685.0
85.80974799999967,24383.328125,24564.0,98.0,20.0,99.797,45.0,2685.0
85.87214029999996,24383.328125,24564.0,98.0,20.0,99.797,45.0,2685.0
85.93428210000093,24383.328125,24564.0,100.0,1.0,99.733,45.0,2685.0
85.99540160000106,24383.328125,24564.0,100.0,1.0,99.733,45.0,2685.0
86.0576000000001,24383.328125,24564.0,100.0,1.0,99.733,45.0,2685.0
86.11984470000061,24383.328125,24564.0,100.0,1.0,99.733,45.0,2685.0
86.18208550000054,24383.328125,24564.0,100.0,1.0,99.733,45.0,2685.0
86.2437958999999,24383.328125,24564.0,100.0,1.0,99.733,45.0,2685.0
86.3053570000011,24383.328125,24564.0,100.0,1.0,99.733,45.0,2685.0
86.36754579999979,24383.328125,24564.0,100.0,1.0,99.733,45.0,2685.0
86.42834430000039,24383.328125,24564.0,100.0,1.0,99.069,44.0,2685.0
86.49100739999994,24383.328125,24564.0,100.0,1.0,99.069,44.0,2685.0
86.55268729999989,24383.328125,24564.0,100.0,1.0,99.069,44.0,2685.0
86.61620030000086,24383.328125,24564.0,100.0,1.0,99.069,44.0,2685.0
86.67800250000073,24383.328125,24564.0,100.0,1.0,99.069,44.0,2685.0
86.73964479999995,24383.328125,24564.0,100.0,1.0,99.069,44.0,2685.0
86.8014574000008,24383.328125,24564.0,100.0,1.0,99.069,44.0,2685.0
86.86420859999998,24383.328125,24564.0,100.0,1.0,99.069,44.0,2685.0
86.92426549999982,24383.328125,24564.0,99.0,1.0,96.267,44.0,2685.0
86.98599500000091,24383.328125,24564.0,99.0,1.0,96.267,44.0,2685.0
87.04731580000043,24383.328125,24564.0,99.0,1.0,96.267,44.0,2685.0
87.10781769999994,24383.328125,24564.0,99.0,1.0,96.267,44.0,2685.0
87.17077330000029,24383.328125,24564.0,99.0,1.0,96.267,44.0,2685.0
87.23240009999972,24383.328125,24564.0,99.0,1.0,96.267,44.0,2685.0
87.29425310000079,24383.328125,24564.0,99.0,1.0,96.267,44.0,2685.0
87.35527329999968,24383.328125,24564.0,99.0,1.0,96.267,44.0,2685.0
87.41587459999937,24383.328125,24564.0,100.0,1.0,96.382,44.0,2685.0
87.47931980000067,24383.328125,24564.0,100.0,1.0,96.382,44.0,2685.0
87.54038159999982,24383.328125,24564.0,100.0,1.0,96.382,44.0,2685.0
87.6021125999996,24383.328125,24564.0,100.0,1.0,96.382,44.0,2685.0
87.6652238000006,24383.328125,24564.0,100.0,1.0,96.382,44.0,2685.0
87.726492400001,24383.328125,24564.0,100.0,1.0,96.382,44.0,2685.0
87.78781970000091,24383.328125,24564.0,100.0,1.0,96.382,44.0,2685.0
87.85045089999949,24383.328125,24564.0,100.0,1.0,96.382,44.0,2685.0
87.91245060000074,24383.328125,24564.0,100.0,1.0,96.551,44.0,2685.0
87.97514550000051,24383.328125,24564.0,100.0,1.0,96.551,44.0,2685.0
88.03531320000002,24383.328125,24564.0,100.0,1.0,96.551,44.0,2685.0
88.09606800000074,24383.328125,24564.0,100.0,1.0,96.551,44.0,2685.0
88.15783449999981,24383.328125,24564.0,100.0,1.0,96.551,44.0,2685.0
88.22008070000084,24383.328125,24564.0,100.0,1.0,96.551,44.0,2685.0
88.28102779999972,24383.328125,24564.0,100.0,1.0,96.551,44.0,2685.0
88.34210910000002,24383.328125,24564.0,100.0,1.0,96.551,44.0,2685.0
88.40390040000057,24383.328125,24564.0,100.0,1.0,96.625,44.0,2685.0
88.46519199999966,24383.328125,24564.0,100.0,1.0,96.625,44.0,2685.0
88.5261989999999,24383.328125,24564.0,100.0,1.0,96.625,44.0,2685.0
88.58860800000002,24383.328125,24564.0,100.0,1.0,96.625,44.0,2685.0
88.64946570000029,24383.328125,24564.0,100.0,1.0,96.625,44.0,2685.0
88.71219500000007,24383.328125,24564.0,100.0,1.0,96.625,44.0,2685.0
88.77332820000083,24383.328125,24564.0,100.0,1.0,96.625,44.0,2685.0
88.83425890000035,24383.328125,24564.0,100.0,1.0,96.625,44.0,2685.0
88.89648549999947,24383.328125,24564.0,100.0,1.0,96.542,44.0,2685.0
88.95766360000016,24383.328125,24564.0,100.0,1.0,96.542,44.0,2685.0
89.02066240000022,24383.328125,24564.0,100.0,1.0,96.542,44.0,2685.0
89.08215419999942,24383.328125,24564.0,100.0,1.0,96.542,44.0,2685.0
89.14436469999964,24383.328125,24564.0,100.0,1.0,96.542,44.0,2685.0
89.20559350000076,24383.328125,24564.0,100.0,1.0,96.542,44.0,2685.0
89.26634650000051,24383.328125,24564.0,100.0,1.0,96.542,44.0,2685.0
89.32694620000075,24383.328125,24564.0,100.0,1.0,96.542,44.0,2685.0
89.38847739999983,24383.328125,24564.0,98.0,3.0,96.527,45.0,2685.0
89.45017849999931,24383.328125,24564.0,98.0,3.0,96.527,45.0,2685.0
89.51179319999937,24383.328125,24564.0,98.0,3.0,96.527,45.0,2685.0
89.57365089999985,24383.328125,24564.0,98.0,3.0,96.527,45.0,2685.0
89.63581280000108,24383.328125,24564.0,98.0,3.0,96.527,45.0,2685.0
89.69907609999973,24383.328125,24564.0,98.0,3.0,96.527,45.0,2685.0
89.75914729999931,24383.328125,24564.0,98.0,3.0,96.527,45.0,2685.0
89.82092150000062,24383.328125,24564.0,98.0,3.0,96.527,45.0,2685.0
89.88111639999988,24383.328125,24564.0,97.0,23.0,99.053,45.0,2685.0
89.94304589999956,24383.328125,24564.0,97.0,23.0,99.053,45.0,2685.0
90.00491710000097,24383.328125,24564.0,97.0,23.0,99.053,45.0,2685.0
90.06631039999957,24383.328125,24564.0,97.0,23.0,99.053,45.0,2685.0
90.12720520000039,24383.328125,24564.0,97.0,23.0,99.053,45.0,2685.0
90.18884769999931,24383.328125,24564.0,97.0,23.0,99.053,45.0,2685.0
90.25047660000018,24383.328125,24564.0,97.0,23.0,99.053,45.0,2685.0
90.31123479999951,24383.328125,24564.0,97.0,23.0,99.053,45.0,2685.0
90.37294230000043,24383.328125,24564.0,97.0,23.0,99.053,45.0,2685.0
90.43524199999956,24383.328125,24564.0,97.0,27.0,99.937,45.0,2685.0
90.49651860000085,24383.328125,24564.0,97.0,27.0,99.937,45.0,2685.0
90.55807989999994,24383.328125,24564.0,97.0,27.0,99.937,45.0,2685.0
90.6207945999995,24383.328125,24564.0,97.0,27.0,99.937,45.0,2685.0
90.68222260000039,24383.328125,24564.0,97.0,27.0,99.937,45.0,2685.0
90.74253750000025,24383.328125,24564.0,97.0,27.0,99.937,45.0,2685.0
90.80394479999995,24383.328125,24564.0,97.0,27.0,99.937,45.0,2685.0
90.86508990000038,24383.328125,24564.0,97.0,27.0,99.937,45.0,2685.0
90.92628220000006,24383.328125,24564.0,99.0,2.0,99.89,45.0,2685.0
90.98815169999943,24383.328125,24564.0,99.0,2.0,99.89,45.0,2685.0
91.05084560000068,24383.328125,24564.0,99.0,2.0,99.89,45.0,2685.0
91.1121120000007,24383.328125,24564.0,99.0,2.0,99.89,45.0,2685.0
91.17444579999938,24383.328125,24564.0,99.0,2.0,99.89,45.0,2685.0
91.23581740000009,24383.328125,24564.0,99.0,2.0,99.89,45.0,2685.0
91.29794270000093,24383.328125,24564.0,99.0,2.0,99.89,45.0,2685.0
91.35930610000105,24383.328125,24564.0,99.0,2.0,99.89,45.0,2685.0
91.42080220000025,24383.328125,24564.0,100.0,1.0,99.894,44.0,2685.0
91.48253719999957,24383.328125,24564.0,100.0,1.0,99.894,44.0,2685.0
91.54546570000093,24383.328125,24564.0,100.0,1.0,99.894,44.0,2685.0
91.60678120000011,24383.328125,24564.0,100.0,1.0,99.894,44.0,2685.0
91.66801510000005,24383.328125,24564.0,100.0,1.0,99.894,44.0,2685.0
91.72937000000093,24383.328125,24564.0,100.0,1.0,99.894,44.0,2685.0
91.79210100000091,24383.328125,24564.0,100.0,1.0,99.894,44.0,2685.0
91.85349320000023,24383.328125,24564.0,100.0,1.0,99.894,44.0,2685.0
91.9159794999996,24383.328125,24564.0,100.0,1.0,96.815,45.0,2685.0
91.97768850000102,24383.328125,24564.0,100.0,1.0,96.815,45.0,2685.0
92.03959849999956,24383.328125,24564.0,100.0,1.0,96.815,45.0,2685.0
92.10088440000072,24383.328125,24564.0,100.0,1.0,96.815,45.0,2685.0
92.16257229999974,24383.328125,24564.0,100.0,1.0,96.815,45.0,2685.0
92.22330309999961,24383.328125,24564.0,100.0,1.0,96.815,45.0,2685.0
92.28524490000018,24383.328125,24564.0,100.0,1.0,96.815,45.0,2685.0
92.34527200000048,24383.328125,24564.0,100.0,1.0,96.815,45.0,2685.0
92.40650149999965,24383.328125,24564.0,99.0,1.0,96.586,44.0,2685.0
92.46921029999976,24383.328125,24564.0,99.0,1.0,96.586,44.0,2685.0
92.53016990000106,24383.328125,24564.0,99.0,1.0,96.586,44.0,2685.0
92.59140859999934,24383.328125,24564.0,99.0,1.0,96.586,44.0,2685.0
92.65240740000081,24383.328125,24564.0,99.0,1.0,96.586,44.0,2685.0
92.71533409999938,24383.328125,24564.0,99.0,1.0,96.586,44.0,2685.0
92.7776759999997,24383.328125,24564.0,99.0,1.0,96.586,44.0,2685.0
92.83816599999955,24383.328125,24564.0,99.0,1.0,96.586,44.0,2685.0
92.89908079999987,24383.328125,24564.0,99.0,1.0,96.536,44.0,2685.0
92.9592303999998,24383.328125,24564.0,99.0,1.0,96.536,44.0,2685.0
93.02043930000036,24383.328125,24564.0,99.0,1.0,96.536,44.0,2685.0
93.08332920000066,24383.328125,24564.0,99.0,1.0,96.536,44.0,2685.0
93.14532080000026,24383.328125,24564.0,99.0,1.0,96.536,44.0,2685.0
93.20634380000047,24383.328125,24564.0,99.0,1.0,96.536,44.0,2685.0
93.26712539999971,24383.328125,24564.0,99.0,1.0,96.536,44.0,2685.0
93.32877379999991,24383.328125,24564.0,99.0,1.0,96.536,44.0,2685.0
93.39221250000082,24383.328125,24564.0,100.0,1.0,96.537,44.0,2685.0
93.45401440000023,24383.328125,24564.0,100.0,1.0,96.537,44.0,2685.0
93.51770790000046,24383.328125,24564.0,100.0,1.0,96.537,44.0,2685.0
93.57928850000098,24383.328125,24564.0,100.0,1.0,96.537,44.0,2685.0
93.64211430000069,24383.328125,24564.0,100.0,1.0,96.537,44.0,2685.0
93.70285640000111,24383.328125,24564.0,100.0,1.0,96.537,44.0,2685.0
93.76359930000035,24383.328125,24564.0,100.0,1.0,96.537,44.0,2685.0
93.82598280000093,24383.328125,24564.0,100.0,1.0,96.537,44.0,2685.0
93.88786550000077,24383.328125,24564.0,100.0,1.0,96.487,44.0,2685.0
93.95117430000028,24383.328125,24564.0,100.0,1.0,96.487,44.0,2685.0
94.01124979999986,24383.328125,24564.0,100.0,1.0,96.487,44.0,2685.0
94.07320810000056,24383.328125,24564.0,100.0,1.0,96.487,44.0,2685.0
94.1338541999994,24383.328125,24564.0,100.0,1.0,96.487,44.0,2685.0
94.19515560000036,24383.328125,24564.0,100.0,1.0,96.487,44.0,2685.0
94.25543540000035,24383.328125,24564.0,100.0,1.0,96.487,44.0,2685.0
94.31705920000059,24383.328125,24564.0,100.0,1.0,96.487,44.0,2685.0
94.37841950000075,24383.328125,24564.0,100.0,1.0,96.487,44.0,2685.0
94.4404125000001,24383.328125,24564.0,100.0,1.0,96.431,45.0,2685.0
94.50109230000089,24383.328125,24564.0,100.0,1.0,96.431,45.0,2685.0
94.56319210000038,24383.328125,24564.0,100.0,1.0,96.431,45.0,2685.0
94.62542059999942,24383.328125,24564.0,100.0,1.0,96.431,45.0,2685.0
94.68700399999943,24383.328125,24564.0,100.0,1.0,96.431,45.0,2685.0
94.74769580000066,24383.328125,24564.0,100.0,1.0,96.431,45.0,2685.0
94.81100010000046,24383.328125,24564.0,100.0,1.0,96.431,45.0,2685.0
94.87226340000052,24383.328125,24564.0,100.0,1.0,96.431,45.0,2685.0
94.93223519999992,24383.328125,24564.0,97.0,30.0,100.021,45.0,2685.0
94.99336360000052,24383.328125,24564.0,97.0,30.0,100.021,45.0,2685.0
95.05492260000028,24383.328125,24564.0,97.0,30.0,100.021,45.0,2685.0
95.11789660000068,24383.328125,24564.0,97.0,30.0,100.021,45.0,2685.0
95.18017359999976,24383.328125,24564.0,97.0,30.0,100.021,45.0,2685.0
95.24239320000015,24383.328125,24564.0,97.0,30.0,100.021,45.0,2685.0
95.30529960000058,24383.328125,24564.0,97.0,30.0,100.021,45.0,2685.0
95.3677219000001,24383.328125,24564.0,97.0,30.0,100.021,45.0,2685.0
95.42824939999991,24383.328125,24564.0,97.0,27.0,99.91,45.0,2685.0
95.48888290000104,24383.328125,24564.0,97.0,27.0,99.91,45.0,2685.0
95.55218360000072,24383.328125,24564.0,97.0,27.0,99.91,45.0,2685.0
95.61398310000004,24383.328125,24564.0,97.0,27.0,99.91,45.0,2685.0
95.67525410000053,24383.328125,24564.0,97.0,27.0,99.91,45.0,2685.0
95.73710179999944,24383.328125,24564.0,97.0,27.0,99.91,45.0,2685.0
95.79992029999994,24383.328125,24564.0,97.0,27.0,99.91,45.0,2685.0
95.8607548,24383.328125,24564.0,97.0,27.0,99.91,45.0,2685.0
95.92372249999971,24383.328125,24564.0,99.0,16.0,99.934,45.0,2685.0
95.98637749999943,24383.328125,24564.0,99.0,16.0,99.934,45.0,2685.0
96.04629229999955,24383.328125,24564.0,99.0,16.0,99.934,45.0,2685.0
96.10779809999985,24383.328125,24564.0,99.0,16.0,99.934,45.0,2685.0
96.16890290000083,24383.328125,24564.0,99.0,16.0,99.934,45.0,2685.0
96.23078770000029,24383.328125,24564.0,99.0,16.0,99.934,45.0,2685.0
96.29249909999999,24383.328125,24564.0,99.0,16.0,99.934,45.0,2685.0
96.35553249999975,24383.328125,24564.0,99.0,16.0,99.934,45.0,2685.0
96.41711340000074,24383.328125,24564.0,98.0,17.0,99.992,45.0,2685.0
96.47780050000074,24383.328125,24564.0,98.0,17.0,99.992,45.0,2685.0
96.54087029999937,24383.328125,24564.0,98.0,17.0,99.992,45.0,2685.0
96.60385490000044,24383.328125,24564.0,98.0,17.0,99.992,45.0,2685.0
96.66501349999999,24383.328125,24564.0,98.0,17.0,99.992,45.0,2685.0
96.72637849999956,24383.328125,24564.0,98.0,17.0,99.992,45.0,2685.0
96.7893053000007,24383.328125,24564.0,98.0,17.0,99.992,45.0,2685.0
96.85056210000039,24383.328125,24564.0,98.0,17.0,99.992,45.0,2685.0
96.91224830000101,24383.328125,24564.0,100.0,1.0,98.998,44.0,2685.0
96.97398020000037,24383.328125,24564.0,100.0,1.0,98.998,44.0,2685.0
97.03502870000011,24383.328125,24564.0,100.0,1.0,98.998,44.0,2685.0
97.0971255000004,24383.328125,24564.0,100.0,1.0,98.998,44.0,2685.0
97.15788950000024,24383.328125,24564.0,100.0,1.0,98.998,44.0,2685.0
97.2182515000004,24383.328125,24564.0,100.0,1.0,98.998,44.0,2685.0
97.2794242,24383.328125,24564.0,100.0,1.0,98.998,44.0,2685.0
97.34164509999937,24383.328125,24564.0,100.0,1.0,98.998,44.0,2685.0
97.40501140000015,24383.328125,24564.0,100.0,1.0,98.63,44.0,2685.0
97.46531309999955,24383.328125,24564.0,100.0,1.0,98.63,44.0,2685.0
97.52623560000029,24383.328125,24564.0,100.0,1.0,98.63,44.0,2685.0
97.58601790000102,24383.328125,24564.0,100.0,1.0,98.63,44.0,2685.0
97.64902660000007,24383.328125,24564.0,100.0,1.0,98.63,44.0,2685.0
97.71018600000025,24383.328125,24564.0,100.0,1.0,98.63,44.0,2685.0
97.77203000000009,24383.328125,24564.0,100.0,1.0,98.63,44.0,2685.0
97.83294179999939,24383.328125,24564.0,100.0,1.0,98.63,44.0,2685.0
97.89311409999937,24383.328125,24564.0,100.0,1.0,96.438,44.0,2685.0
97.95371119999982,24383.328125,24564.0,100.0,1.0,96.438,44.0,2685.0
98.016180300001,24383.328125,24564.0,100.0,1.0,96.438,44.0,2685.0
98.07811589999983,24383.328125,24564.0,100.0,1.0,96.438,44.0,2685.0
98.13849160000063,24383.328125,24564.0,100.0,1.0,96.438,44.0,2685.0
98.20077390000006,24383.328125,24564.0,100.0,1.0,96.438,44.0,2685.0
98.26339560000088,24383.328125,24564.0,100.0,1.0,96.438,44.0,2685.0
98.3251736000002,24383.328125,24564.0,100.0,1.0,96.438,44.0,2685.0
98.38793919999989,24383.328125,24564.0,100.0,1.0,96.611,44.0,2685.0
98.44944639999994,24383.328125,24564.0,100.0,1.0,96.611,44.0,2685.0
98.51108589999967,24383.328125,24564.0,100.0,1.0,96.611,44.0,2685.0
98.57297550000112,24383.328125,24564.0,100.0,1.0,96.611,44.0,2685.0
98.63533420000022,24383.328125,24564.0,100.0,1.0,96.611,44.0,2685.0
98.6963680000008,24383.328125,24564.0,100.0,1.0,96.611,44.0,2685.0
98.75809260000096,24383.328125,24564.0,100.0,1.0,96.611,44.0,2685.0
98.82020190000003,24383.328125,24564.0,100.0,1.0,96.611,44.0,2685.0
98.88042140000107,24383.328125,24564.0,100.0,1.0,96.636,44.0,2685.0
98.94223969999985,24383.328125,24564.0,100.0,1.0,96.636,44.0,2685.0
99.00356599999941,24383.328125,24564.0,100.0,1.0,96.636,44.0,2685.0
99.06520799999998,24383.328125,24564.0,100.0,1.0,96.636,44.0,2685.0
99.12608730000102,24383.328125,24564.0,100.0,1.0,96.636,44.0,2685.0
99.18727059999947,24383.328125,24564.0,100.0,1.0,96.636,44.0,2685.0
99.24808070000108,24383.328125,24564.0,100.0,1.0,96.636,44.0,2685.0
99.30971090000094,24383.328125,24564.0,100.0,1.0,96.636,44.0,2685.0
99.37207590000071,24383.328125,24564.0,100.0,1.0,96.636,44.0,2685.0
99.43335280000065,24383.328125,24564.0,100.0,1.0,96.508,44.0,2685.0
99.49448520000078,24383.328125,24564.0,100.0,1.0,96.508,44.0,2685.0
99.55631270000049,24383.328125,24564.0,100.0,1.0,96.508,44.0,2685.0
99.6182719999997,24383.328125,24564.0,100.0,1.0,96.508,44.0,2685.0
99.68098959999952,24383.328125,24564.0,100.0,1.0,96.508,44.0,2685.0
99.7424501000005,24383.328125,24564.0,100.0,1.0,96.508,44.0,2685.0
99.80363089999992,24383.328125,24564.0,100.0,1.0,96.508,44.0,2685.0
99.86610660000042,24383.328125,24564.0,100.0,1.0,96.508,44.0,2685.0
99.92705600000045,24383.328125,24564.0,98.0,6.0,96.934,45.0,2685.0
99.98928700000033,24383.328125,24564.0,98.0,6.0,96.934,45.0,2685.0
100.05237269999998,24383.328125,24564.0,98.0,6.0,96.934,45.0,2685.0
100.11370030000035,24383.328125,24564.0,98.0,6.0,96.934,45.0,2685.0
100.1759947999999,24383.328125,24564.0,98.0,6.0,96.934,45.0,2685.0
100.23630070000036,24383.328125,24564.0,98.0,6.0,96.934,45.0,2685.0
100.29788849999932,24383.328125,24564.0,98.0,6.0,96.934,45.0,2685.0
100.35816639999939,24383.328125,24564.0,98.0,6.0,96.934,45.0,2685.0
100.41950180000094,24383.328125,24564.0,97.0,21.0,98.196,45.0,2685.0
100.48073859999931,24383.328125,24564.0,97.0,21.0,98.196,45.0,2685.0
100.54408590000094,24383.328125,24564.0,97.0,21.0,98.196,45.0,2685.0
100.60507719999987,24383.328125,24564.0,97.0,21.0,98.196,45.0,2685.0
100.66737599999942,24383.328125,24564.0,97.0,21.0,98.196,45.0,2685.0
100.72919480000019,24383.328125,24564.0,97.0,21.0,98.196,45.0,2685.0
100.79076879999957,24383.328125,24564.0,97.0,21.0,98.196,45.0,2685.0
100.85397349999948,24383.328125,24564.0,97.0,21.0,98.196,45.0,2685.0
100.91532320000078,24383.328125,24564.0,96.0,30.0,99.771,45.0,2685.0
100.9779010000002,24383.328125,24564.0,96.0,30.0,99.771,45.0,2685.0
101.03818090000095,24383.328125,24564.0,96.0,30.0,99.771,45.0,2685.0
101.09971410000071,24383.328125,24564.0,96.0,30.0,99.771,45.0,2685.0
101.16143360000024,24383.328125,24564.0,96.0,30.0,99.771,45.0,2685.0
101.22223900000063,24383.328125,24564.0,96.0,30.0,99.771,45.0,2685.0
101.2850942999994,24383.328125,24564.0,96.0,30.0,99.771,45.0,2685.0
101.34667140000056,24383.328125,24564.0,96.0,30.0,99.771,45.0,2685.0
101.40952260000086,24383.328125,24564.0,98.0,23.0,99.619,44.0,2685.0
101.47238199999993,24383.328125,24564.0,98.0,23.0,99.619,44.0,2685.0
101.53318360000048,24383.328125,24564.0,98.0,23.0,99.619,44.0,2685.0
101.5930129999997,24383.328125,24564.0,98.0,23.0,99.619,44.0,2685.0
101.65529650000099,24383.328125,24564.0,98.0,23.0,99.619,44.0,2685.0
101.71712239999943,24383.328125,24564.0,98.0,23.0,99.619,44.0,2685.0
101.77822080000078,24383.328125,24564.0,98.0,23.0,99.619,44.0,2685.0
101.83896230000028,24383.328125,24564.0,98.0,23.0,99.619,44.0,2685.0
101.9022857,24383.328125,24564.0,100.0,1.0,99.734,44.0,2685.0
101.96517809999932,24383.328125,24564.0,100.0,1.0,99.734,44.0,2685.0
102.02802449999945,24383.328125,24564.0,100.0,1.0,99.734,44.0,2685.0
102.08846699999958,24383.328125,24564.0,100.0,1.0,99.734,44.0,2685.0
102.15021750000051,24383.328125,24564.0,100.0,1.0,99.734,44.0,2685.0
102.21151389999977,24383.328125,24564.0,100.0,1.0,99.734,44.0,2685.0
102.27394430000095,24383.328125,24564.0,100.0,1.0,99.734,44.0,2685.0
102.33443760000046,24383.328125,24564.0,100.0,1.0,99.734,44.0,2685.0
102.39681250000103,24383.328125,24564.0,100.0,1.0,99.863,44.0,2685.0
102.45829799999956,24383.328125,24564.0,100.0,1.0,99.863,44.0,2685.0
102.51900250000108,24383.328125,24564.0,100.0,1.0,99.863,44.0,2685.0
102.58015619999969,24383.328125,24564.0,100.0,1.0,99.863,44.0,2685.0
102.64014710000083,24383.328125,24564.0,100.0,1.0,99.863,44.0,2685.0
102.70022830000016,24383.328125,24564.0,100.0,1.0,99.863,44.0,2685.0
102.76234269999986,24383.328125,24564.0,100.0,1.0,99.863,44.0,2685.0
102.82476169999973,24383.328125,24564.0,100.0,1.0,99.863,44.0,2685.0
102.88591300000007,24383.328125,24564.0,100.0,1.0,96.524,44.0,2685.0
102.9479468999998,24383.328125,24564.0,100.0,1.0,96.524,44.0,2685.0
103.01044139999976,24383.328125,24564.0,100.0,1.0,96.524,44.0,2685.0
103.07247149999966,24383.328125,24564.0,100.0,1.0,96.524,44.0,2685.0
103.13419500000055,24383.328125,24564.0,100.0,1.0,96.524,44.0,2685.0
103.19652040000074,24383.328125,24564.0,100.0,1.0,96.524,44.0,2685.0
103.25829019999946,24383.328125,24564.0,100.0,1.0,96.524,44.0,2685.0
103.31885379999949,24383.328125,24564.0,100.0,1.0,96.524,44.0,2685.0
103.37998759999937,24383.328125,24564.0,100.0,1.0,96.556,44.0,2685.0
103.44090619999952,24383.328125,24564.0,100.0,1.0,96.556,44.0,2685.0
103.50246909999987,24383.328125,24564.0,100.0,1.0,96.556,44.0,2685.0
103.56411800000024,24383.328125,24564.0,100.0,1.0,96.556,44.0,2685.0
103.62514120000014,24383.328125,24564.0,100.0,1.0,96.556,44.0,2685.0
103.6859800000002,24383.328125,24564.0,100.0,1.0,96.556,44.0,2685.0
103.7465374000003,24383.328125,24564.0,100.0,1.0,96.556,44.0,2685.0
103.8087957000007,24383.328125,24564.0,100.0,1.0,96.556,44.0,2685.0
103.87022600000091,24383.328125,24564.0,100.0,1.0,96.556,44.0,2685.0
103.93203429999994,24383.328125,24564.0,99.0,1.0,96.576,44.0,2685.0
103.99254420000034,24383.328125,24564.0,99.0,1.0,96.576,44.0,2685.0
104.05400259999988,24383.328125,24564.0,99.0,1.0,96.576,44.0,2685.0
104.11506060000102,24383.328125,24564.0,99.0,1.0,96.576,44.0,2685.0
104.17793040000106,24383.328125,24564.0,99.0,1.0,96.576,44.0,2685.0
104.23970200000076,24383.328125,24564.0,99.0,1.0,96.576,44.0,2685.0
104.30144149999978,24383.328125,24564.0,99.0,1.0,96.576,44.0,2685.0
104.36228649999975,24383.328125,24564.0,99.0,1.0,96.576,44.0,2685.0
104.42534630000046,24383.328125,24564.0,100.0,1.0,96.476,44.0,2685.0
104.48813990000053,24383.328125,24564.0,100.0,1.0,96.476,44.0,2685.0
104.54830690000017,24383.328125,24564.0,100.0,1.0,96.476,44.0,2685.0
104.61075130000063,24383.328125,24564.0,100.0,1.0,96.476,44.0,2685.0
104.67244729999948,24383.328125,24564.0,100.0,1.0,96.476,44.0,2685.0
104.7355490000009,24383.328125,24564.0,100.0,1.0,96.476,44.0,2685.0
104.79721419999987,24383.328125,24564.0,100.0,1.0,96.476,44.0,2685.0
104.85736039999938,24383.328125,24564.0,100.0,1.0,96.476,44.0,2685.0
104.91807250000056,24383.328125,24564.0,100.0,1.0,96.284,44.0,2685.0
104.98043739999957,24383.328125,24564.0,100.0,1.0,96.284,44.0,2685.0
105.04125840000052,24383.328125,24564.0,100.0,1.0,96.284,44.0,2685.0
105.10258880000038,24383.328125,24564.0,100.0,1.0,96.284,44.0,2685.0
105.16512460000013,24383.328125,24564.0,100.0,1.0,96.284,44.0,2685.0
105.22834320000038,24383.328125,24564.0,100.0,1.0,96.284,44.0,2685.0
105.29033160000108,24383.328125,24564.0,100.0,1.0,96.284,44.0,2685.0
105.35152010000093,24383.328125,24564.0,100.0,1.0,96.284,44.0,2685.0
105.41249659999994,24383.328125,24564.0,100.0,1.0,96.171,45.0,2685.0
105.47367250000025,24383.328125,24564.0,100.0,1.0,96.171,45.0,2685.0
105.53542990000096,24383.328125,24564.0,100.0,1.0,96.171,45.0,2685.0
105.59639020000031,24383.328125,24564.0,100.0,1.0,96.171,45.0,2685.0
105.65797639999982,24383.328125,24564.0,100.0,1.0,96.171,45.0,2685.0
105.71823229999973,24383.328125,24564.0,100.0,1.0,96.171,45.0,2685.0
105.7793985999997,24383.328125,24564.0,100.0,1.0,96.171,45.0,2685.0
105.84226680000029,24383.328125,24564.0,100.0,1.0,96.171,45.0,2685.0
105.9030115000005,24383.328125,24564.0,97.0,30.0,99.579,45.0,2685.0
105.96525250000013,24383.328125,24564.0,97.0,30.0,99.579,45.0,2685.0
106.02815440000086,24383.328125,24564.0,97.0,30.0,99.579,45.0,2685.0
106.08890030000111,24383.328125,24564.0,97.0,30.0,99.579,45.0,2685.0
106.15136639999946,24383.328125,24564.0,97.0,30.0,99.579,45.0,2685.0
106.21262670000033,24383.328125,24564.0,97.0,30.0,99.579,45.0,2685.0
106.27317299999959,24383.328125,24564.0,97.0,30.0,99.579,45.0,2685.0
106.33522939999966,24383.328125,24564.0,97.0,30.0,99.579,45.0,2685.0
106.39639589999933,24383.328125,24564.0,96.0,26.0,99.664,44.0,2685.0
106.45847130000038,24383.328125,24564.0,96.0,26.0,99.664,44.0,2685.0
106.52061390000017,24383.328125,24564.0,96.0,26.0,99.664,44.0,2685.0
106.58325870000044,24383.328125,24564.0,96.0,26.0,99.664,44.0,2685.0
106.64530569999988,24383.328125,24564.0,96.0,26.0,99.664,44.0,2685.0
106.70623549999982,24383.328125,24564.0,96.0,26.0,99.664,44.0,2685.0
106.76969980000104,24383.328125,24564.0,96.0,26.0,99.664,44.0,2685.0
106.83163530000093,24383.328125,24564.0,96.0,26.0,99.664,44.0,2685.0
106.892382,24383.328125,24564.0,100.0,3.0,99.82,44.0,2685.0
106.95594080000046,24383.328125,24564.0,100.0,3.0,99.82,44.0,2685.0
107.01695610000024,24383.328125,24564.0,100.0,3.0,99.82,44.0,2685.0
107.07961720000094,24383.328125,24564.0,100.0,3.0,99.82,44.0,2685.0
107.14154869999948,24383.328125,24564.0,100.0,3.0,99.82,44.0,2685.0
107.20243230000051,24383.328125,24564.0,100.0,3.0,99.82,44.0,2685.0
107.26358299999993,24383.328125,24564.0,100.0,3.0,99.82,44.0,2685.0
107.32483420000062,24383.328125,24564.0,100.0,3.0,99.82,44.0,2685.0
107.38525359999949,24383.328125,24564.0,100.0,1.0,99.825,44.0,2685.0
107.44632880000063,24383.328125,24564.0,100.0,1.0,99.825,44.0,2685.0
107.50704050000058,24383.328125,24564.0,100.0,1.0,99.825,44.0,2685.0
107.56774410000071,24383.328125,24564.0,100.0,1.0,99.825,44.0,2685.0
107.63029070000084,24383.328125,24564.0,100.0,1.0,99.825,44.0,2685.0
107.69244439999966,24383.328125,24564.0,100.0,1.0,99.825,44.0,2685.0
107.7530769999994,24383.328125,24564.0,100.0,1.0,99.825,44.0,2685.0
107.81422759999987,24383.328125,24564.0,100.0,1.0,99.825,44.0,2685.0
107.87532219999957,24383.328125,24564.0,100.0,1.0,99.825,44.0,2685.0
107.93816770000012,24383.328125,24564.0,100.0,1.0,97.435,44.0,2685.0
107.99827809999988,24383.328125,24564.0,100.0,1.0,97.435,44.0,2685.0
108.06104609999966,24383.328125,24564.0,100.0,1.0,97.435,44.0,2685.0
108.12335320000057,24383.328125,24564.0,100.0,1.0,97.435,44.0,2685.0
108.18578689999958,24383.328125,24564.0,100.0,1.0,97.435,44.0,2685.0
108.24840930000028,24383.328125,24564.0,100.0,1.0,97.435,44.0,2685.0
108.31049119999989,24383.328125,24564.0,100.0,1.0,97.435,44.0,2685.0
108.3724714,24383.328125,24564.0,100.0,1.0,97.435,44.0,2685.0
108.4353659999997,24383.328125,24564.0,100.0,1.0,96.159,44.0,2685.0
108.49822809999932,24383.328125,24564.0,100.0,1.0,96.159,44.0,2685.0
108.5589885999998,24383.328125,24564.0,100.0,1.0,96.159,44.0,2685.0
108.62039250000089,24383.328125,24564.0,100.0,1.0,96.159,44.0,2685.0
108.68215640000017,24383.328125,24564.0,100.0,1.0,96.159,44.0,2685.0
108.74242179999965,24383.328125,24564.0,100.0,1.0,96.159,44.0,2685.0
108.80326520000017,24383.328125,24564.0,100.0,1.0,96.159,44.0,2685.0
108.86336099999971,24383.328125,24564.0,100.0,1.0,96.159,44.0,2685.0
108.92545240000072,24383.328125,24564.0,100.0,1.0,96.267,44.0,2685.0
108.98531220000041,24383.328125,24564.0,100.0,1.0,96.267,44.0,2685.0
109.04681660000097,24383.328125,24564.0,100.0,1.0,96.267,44.0,2685.0
109.10850500000015,24383.328125,24564.0,100.0,1.0,96.267,44.0,2685.0
109.1706764999999,24383.328125,24564.0,100.0,1.0,96.267,44.0,2685.0
109.23254160000033,24383.328125,24564.0,100.0,1.0,96.267,44.0,2685.0
109.29452140000103,24383.328125,24564.0,100.0,1.0,96.267,44.0,2685.0
109.35532260000036,24383.328125,24564.0,100.0,1.0,96.267,44.0,2685.0
109.41831319999983,24383.328125,24564.0,100.0,1.0,96.181,44.0,2685.0
109.47949540000081,24383.328125,24564.0,100.0,1.0,96.181,44.0,2685.0
109.54234250000081,24383.328125,24564.0,100.0,1.0,96.181,44.0,2685.0
109.60297859999991,24383.328125,24564.0,100.0,1.0,96.181,44.0,2685.0
109.6633311000005,24383.328125,24564.0,100.0,1.0,96.181,44.0,2685.0
109.72504110000045,24383.328125,24564.0,100.0,1.0,96.181,44.0,2685.0
109.78670679999959,24383.328125,24564.0,100.0,1.0,96.181,44.0,2685.0
109.8481455000001,24383.328125,24564.0,100.0,1.0,96.181,44.0,2685.0
109.90898969999944,24383.328125,24564.0,100.0,1.0,96.148,44.0,2685.0
109.97117869999965,24383.328125,24564.0,100.0,1.0,96.148,44.0,2685.0
110.03319480000027,24383.328125,24564.0,100.0,1.0,96.148,44.0,2685.0
110.09408970000004,24383.328125,24564.0,100.0,1.0,96.148,44.0,2685.0
110.15632089999963,24383.328125,24564.0,100.0,1.0,96.148,44.0,2685.0
110.21808319999946,24383.328125,24564.0,100.0,1.0,96.148,44.0,2685.0
110.27875970000059,24383.328125,24564.0,100.0,1.0,96.148,44.0,2685.0
110.34166969999933,24383.328125,24564.0,100.0,1.0,96.148,44.0,2685.0
110.40426169999955,24383.328125,24564.0,100.0,1.0,96.167,44.0,2685.0
110.46530960000018,24383.328125,24564.0,100.0,1.0,96.167,44.0,2685.0
110.5275228999999,24383.328125,24564.0,100.0,1.0,96.167,44.0,2685.0
110.59052300000076,24383.328125,24564.0,100.0,1.0,96.167,44.0,2685.0
110.65222750000066,24383.328125,24564.0,100.0,1.0,96.167,44.0,2685.0
110.71392130000095,24383.328125,24564.0,100.0,1.0,96.167,44.0,2685.0
110.7765259000007,24383.328125,24564.0,100.0,1.0,96.167,44.0,2685.0
110.83837020000101,24383.328125,24564.0,100.0,1.0,96.167,44.0,2685.0
110.90034089999972,24383.328125,24564.0,97.0,11.0,96.952,45.0,2685.0
110.96212709999963,24383.328125,24564.0,97.0,11.0,96.952,45.0,2685.0
111.02220060000036,24383.328125,24564.0,97.0,11.0,96.952,45.0,2685.0
111.08418060000076,24383.328125,24564.0,97.0,11.0,96.952,45.0,2685.0
111.14531410000018,24383.328125,24564.0,97.0,11.0,96.952,45.0,2685.0
111.20852240000022,24383.328125,24564.0,97.0,11.0,96.952,45.0,2685.0
111.269182,24383.328125,24564.0,97.0,11.0,96.952,45.0,2685.0
111.33187709999947,24383.328125,24564.0,97.0,11.0,96.952,45.0,2685.0
111.39419360000102,24383.328125,24564.0,97.0,27.0,99.524,44.0,2685.0
111.45536639999955,24383.328125,24564.0,97.0,27.0,99.524,44.0,2685.0
111.51814759999979,24383.328125,24564.0,97.0,27.0,99.524,44.0,2685.0
111.57933810000031,24383.328125,24564.0,97.0,27.0,99.524,44.0,2685.0
111.64213030000064,24383.328125,24564.0,97.0,27.0,99.524,44.0,2685.0
111.70348560000093,24383.328125,24564.0,97.0,27.0,99.524,44.0,2685.0
111.76537740000094,24383.328125,24564.0,97.0,27.0,99.524,44.0,2685.0
111.82638670000051,24383.328125,24564.0,97.0,27.0,99.524,44.0,2685.0
111.88741870000013,24383.328125,24564.0,97.0,28.0,99.69,44.0,2685.0
111.94818260000102,24383.328125,24564.0,97.0,28.0,99.69,44.0,2685.0
112.00820840000051,24383.328125,24564.0,97.0,28.0,99.69,44.0,2685.0
112.06928859999971,24383.328125,24564.0,97.0,28.0,99.69,44.0,2685.0
112.13224660000014,24383.328125,24564.0,97.0,28.0,99.69,44.0,2685.0
112.19412729999931,24383.328125,24564.0,97.0,28.0,99.69,44.0,2685.0
112.25550350000049,24383.328125,24564.0,97.0,28.0,99.69,44.0,2685.0
112.31734669999969,24383.328125,24564.0,97.0,28.0,99.69,44.0,2685.0
112.37762250000014,24383.328125,24564.0,97.0,28.0,99.69,44.0,2685.0
112.43838289999985,24383.328125,24564.0,98.0,15.0,99.815,44.0,2685.0
112.49966320000021,24383.328125,24564.0,98.0,15.0,99.815,44.0,2685.0
112.56023989999994,24383.328125,24564.0,98.0,15.0,99.815,44.0,2685.0
112.62202889999935,24383.328125,24564.0,98.0,15.0,99.815,44.0,2685.0
112.68223870000111,24383.328125,24564.0,98.0,15.0,99.815,44.0,2685.0
112.74422090000007,24383.328125,24564.0,98.0,15.0,99.815,44.0,2685.0
112.80629580000095,24383.328125,24564.0,98.0,15.0,99.815,44.0,2685.0
112.86832330000107,24383.328125,24564.0,98.0,15.0,99.815,44.0,2685.0
112.92915399999947,24383.328125,24564.0,100.0,1.0,99.886,44.0,2685.0
112.99217330000101,24383.328125,24564.0,100.0,1.0,99.886,44.0,2685.0
113.05295250000017,24383.328125,24564.0,100.0,1.0,99.886,44.0,2685.0
113.11442689999967,24383.328125,24564.0,100.0,1.0,99.886,44.0,2685.0
113.17543470000055,24383.328125,24564.0,100.0,1.0,99.886,44.0,2685.0
113.23843409999972,24383.328125,24564.0,100.0,1.0,99.886,44.0,2685.0
113.29988760000015,24383.328125,24564.0,100.0,1.0,99.886,44.0,2685.0
113.36189569999988,24383.328125,24564.0,100.0,1.0,99.886,44.0,2685.0
113.4224348000007,24383.328125,24564.0,100.0,1.0,98.601,44.0,2685.0
113.48430370000096,24383.328125,24564.0,100.0,1.0,98.601,44.0,2685.0
113.5465578000003,24383.328125,24564.0,100.0,1.0,98.601,44.0,2685.0
113.60970559999987,24383.328125,24564.0,100.0,1.0,98.601,44.0,2685.0
113.67142520000016,24383.328125,24564.0,100.0,1.0,98.601,44.0,2685.0
113.73335670000051,24383.328125,24564.0,100.0,1.0,98.601,44.0,2685.0
113.79423769999994,24383.328125,24564.0,100.0,1.0,98.601,44.0,2685.0
113.85548879999988,24383.328125,24564.0,100.0,1.0,98.601,44.0,2685.0
113.91751269999986,24383.328125,24564.0,100.0,1.0,96.323,44.0,2685.0
113.97928540000066,24383.328125,24564.0,100.0,1.0,96.323,44.0,2685.0
114.04171520000091,24383.328125,24564.0,100.0,1.0,96.323,44.0,2685.0
114.10245480000049,24383.328125,24564.0,100.0,1.0,96.323,44.0,2685.0
114.16474990000097,24383.328125,24564.0,100.0,1.0,96.323,44.0,2685.0
114.22788670000045,24383.328125,24564.0,100.0,1.0,96.323,44.0,2685.0
114.29018220000034,24383.328125,24564.0,100.0,1.0,96.323,44.0,2685.0
114.35137369999939,24383.328125,24564.0,100.0,1.0,96.323,44.0,2685.0
114.41355470000053,24383.328125,24564.0,100.0,1.0,96.291,44.0,2685.0
114.47437610000088,24383.328125,24564.0,100.0,1.0,96.291,44.0,2685.0
114.53644619999977,24383.328125,24564.0,100.0,1.0,96.291,44.0,2685.0
114.5991025000003,24383.328125,24564.0,100.0,1.0,96.291,44.0,2685.0
114.66085750000093,24383.328125,24564.0,100.0,1.0,96.291,44.0,2685.0
114.72407639999983,24383.328125,24564.0,100.0,1.0,96.291,44.0,2685.0
114.78621159999966,24383.328125,24564.0,100.0,1.0,96.291,44.0,2685.0
114.84832140000071,24383.328125,24564.0,100.0,1.0,96.291,44.0,2685.0
114.91012919999957,24383.328125,24564.0,100.0,1.0,96.076,44.0,2685.0
114.97016670000085,24383.328125,24564.0,100.0,1.0,96.076,44.0,2685.0
115.03068069999972,24383.328125,24564.0,100.0,1.0,96.076,44.0,2685.0
115.09237270000085,24383.328125,24564.0,100.0,1.0,96.076,44.0,2685.0
115.15464340000108,24383.328125,24564.0,100.0,1.0,96.076,44.0,2685.0
115.21713629999977,24383.328125,24564.0,100.0,1.0,96.076,44.0,2685.0
115.27865589999965,24383.328125,24564.0,100.0,1.0,96.076,44.0,2685.0
115.341819700001,24383.328125,24564.0,100.0,1.0,96.076,44.0,2685.0
115.40332760000092,24383.328125,24564.0,100.0,1.0,96.381,44.0,2685.0
115.46547660000033,24383.328125,24564.0,100.0,1.0,96.381,44.0,2685.0
115.52728930000012,24383.328125,24564.0,100.0,1.0,96.381,44.0,2685.0
115.58855589999985,24383.328125,24564.0,100.0,1.0,96.381,44.0,2685.0
115.65111269999943,24383.328125,24564.0,100.0,1.0,96.381,44.0,2685.0
115.71251789999951,24383.328125,24564.0,100.0,1.0,96.381,44.0,2685.0
115.77524430000085,24383.328125,24564.0,100.0,1.0,96.381,44.0,2685.0
115.83836019999944,24383.328125,24564.0,100.0,1.0,96.381,44.0,2685.0
115.89893400000074,24383.328125,24564.0,98.0,3.0,96.649,45.0,2685.0
115.95972989999973,24383.328125,24564.0,98.0,3.0,96.649,45.0,2685.0
116.02209570000014,24383.328125,24564.0,98.0,3.0,96.649,45.0,2685.0
116.08384719999958,24383.328125,24564.0,98.0,3.0,96.649,45.0,2685.0
116.1451992000002,24383.328125,24564.0,98.0,3.0,96.649,45.0,2685.0
116.20737109999936,24383.328125,24564.0,98.0,3.0,96.649,45.0,2685.0
116.26972589999968,24383.328125,24564.0,98.0,3.0,96.649,45.0,2685.0
116.33165480000025,24383.328125,24564.0,98.0,3.0,96.649,45.0,2685.0
116.39252289999968,24383.328125,24564.0,97.0,27.0,100.047,44.0,2685.0
116.45559529999991,24383.328125,24564.0,97.0,27.0,100.047,44.0,2685.0
116.51818169999933,24383.328125,24564.0,97.0,27.0,100.047,44.0,2685.0
116.57962290000069,24383.328125,24564.0,97.0,27.0,100.047,44.0,2685.0
116.64250700000048,24383.328125,24564.0,97.0,27.0,100.047,44.0,2685.0
116.70328320000044,24383.328125,24564.0,97.0,27.0,100.047,44.0,2685.0
116.76420440000038,24383.328125,24564.0,97.0,27.0,100.047,44.0,2685.0
116.82663289999982,24383.328125,24564.0,97.0,27.0,100.047,44.0,2685.0
116.88745310000013,24383.328125,24564.0,96.0,30.0,100.022,44.0,2685.0
116.94975089999934,24383.328125,24564.0,96.0,30.0,100.022,44.0,2685.0
117.01249040000039,24383.328125,24564.0,96.0,30.0,100.022,44.0,2685.0
117.0753079999995,24383.328125,24564.0,96.0,30.0,100.022,44.0,2685.0
117.13743129999966,24383.328125,24564.0,96.0,30.0,100.022,44.0,2685.0
117.19838540000092,24383.328125,24564.0,96.0,30.0,100.022,44.0,2685.0
117.25967260000107,24383.328125,24564.0,96.0,30.0,100.022,44.0,2685.0
117.32069030000093,24383.328125,24564.0,96.0,30.0,100.022,44.0,2685.0
117.3839054,24383.328125,24564.0,100.0,1.0,99.885,44.0,2685.0
117.4463324999997,24383.328125,24564.0,100.0,1.0,99.885,44.0,2685.0
117.50829329999942,24383.328125,24564.0,100.0,1.0,99.885,44.0,2685.0
117.56953530000101,24383.328125,24564.0,100.0,1.0,99.885,44.0,2685.0
117.63155250000091,24383.328125,24564.0,100.0,1.0,99.885,44.0,2685.0
117.6924927,24383.328125,24564.0,100.0,1.0,99.885,44.0,2685.0
117.75528669999949,24383.328125,24564.0,100.0,1.0,99.885,44.0,2685.0
117.81720750000022,24383.328125,24564.0,100.0,1.0,99.885,44.0,2685.0
117.8785652000006,24383.328125,24564.0,100.0,1.0,99.885,44.0,2685.0
117.94200219999948,24383.328125,24564.0,100.0,1.0,99.609,44.0,2685.0
118.00347320000037,24383.328125,24564.0,100.0,1.0,99.609,44.0,2685.0
118.06625850000091,24383.328125,24564.0,100.0,1.0,99.609,44.0,2685.0
118.12904280000112,24383.328125,24564.0,100.0,1.0,99.609,44.0,2685.0
118.1917895000006,24383.328125,24564.0,100.0,1.0,99.609,44.0,2685.0
118.2537771999996,24383.328125,24564.0,100.0,1.0,99.609,44.0,2685.0
118.31736140000066,24383.328125,24564.0,100.0,1.0,99.609,44.0,2685.0
118.37981039999977,24383.328125,24564.0,100.0,1.0,99.609,44.0,2685.0
118.44316880000042,24383.328125,24564.0,100.0,1.0,96.338,44.0,2685.0
118.5051786999993,24383.328125,24564.0,100.0,1.0,96.338,44.0,2685.0
118.56633739999961,24383.328125,24564.0,100.0,1.0,96.338,44.0,2685.0
118.6274214999994,24383.328125,24564.0,100.0,1.0,96.338,44.0,2685.0
118.68907559999934,24383.328125,24564.0,100.0,1.0,96.338,44.0,2685.0
118.75032470000042,24383.328125,24564.0,100.0,1.0,96.338,44.0,2685.0
118.81159040000057,24383.328125,24564.0,100.0,1.0,96.338,44.0,2685.0
118.87250409999979,24383.328125,24564.0,100.0,1.0,96.338,44.0,2685.0
118.93545970000014,24383.328125,24564.0,100.0,1.0,96.139,44.0,2685.0
118.9971886000003,24383.328125,24564.0,100.0,1.0,96.139,44.0,2685.0
119.0596641000011,24383.328125,24564.0,100.0,1.0,96.139,44.0,2685.0
119.1221872999995,24383.328125,24564.0,100.0,1.0,96.139,44.0,2685.0
119.18405390000044,24383.328125,24564.0,100.0,1.0,96.139,44.0,2685.0
119.24624109999968,24383.328125,24564.0,100.0,1.0,96.139,44.0,2685.0
119.30746980000004,24383.328125,24564.0,100.0,1.0,96.139,44.0,2685.0
119.37059399999998,24383.328125,24564.0,100.0,1.0,96.139,44.0,2685.0
119.43226890000005,24383.328125,24564.0,100.0,1.0,96.344,44.0,2685.0
119.49240190000091,24383.328125,24564.0,100.0,1.0,96.344,44.0,2685.0
119.55226650000077,24383.328125,24564.0,100.0,1.0,96.344,44.0,2685.0
119.61419639999986,24383.328125,24564.0,100.0,1.0,96.344,44.0,2685.0
119.67545939999945,24383.328125,24564.0,100.0,1.0,96.344,44.0,2685.0
119.73766989999967,24383.328125,24564.0,100.0,1.0,96.344,44.0,2685.0
119.799980400001,24383.328125,24564.0,100.0,1.0,96.344,44.0,2685.0
119.86234169999989,24383.328125,24564.0,100.0,1.0,96.344,44.0,2685.0
119.92540689999987,24383.328125,24564.0,100.0,1.0,96.314,44.0,2685.0
119.98611689999962,24383.328125,24564.0,100.0,1.0,96.314,44.0,2685.0
120.0472463999995,24383.328125,24564.0,100.0,1.0,96.314,44.0,2685.0
120.10870380000051,24383.328125,24564.0,100.0,1.0,96.314,44.0,2685.0
120.17013279999992,24383.328125,24564.0,100.0,1.0,96.314,44.0,2685.0
120.23089810000056,24383.328125,24564.0,100.0,1.0,96.314,44.0,2685.0
120.2945094000006,24383.328125,24564.0,100.0,1.0,96.314,44.0,2685.0
120.35662410000077,24383.328125,24564.0,100.0,1.0,96.314,44.0,2685.0
120.4183520000006,24383.328125,24564.0,100.0,1.0,96.379,45.0,2685.0
120.47899160000088,24383.328125,24564.0,100.0,1.0,96.379,45.0,2685.0
120.54210880000028,24383.328125,24564.0,100.0,1.0,96.379,45.0,2685.0
120.60425799999939,24383.328125,24564.0,100.0,1.0,96.379,45.0,2685.0
120.6656280999996,24383.328125,24564.0,100.0,1.0,96.379,45.0,2685.0
120.72802319999937,24383.328125,24564.0,100.0,1.0,96.379,45.0,2685.0
120.79044520000025,24383.328125,24564.0,100.0,1.0,96.379,45.0,2685.0
120.85150480000084,24383.328125,24564.0,100.0,1.0,96.379,45.0,2685.0
120.9141524000006,24383.328125,24564.0,98.0,12.0,97.433,45.0,2685.0
120.97539309999956,24383.328125,24564.0,98.0,12.0,97.433,45.0,2685.0
121.03861920000054,24383.328125,24564.0,98.0,12.0,97.433,45.0,2685.0
121.09990920000018,24383.328125,24564.0,98.0,12.0,97.433,45.0,2685.0
121.16269020000072,24383.328125,24564.0,98.0,12.0,97.433,45.0,2685.0
121.22546780000084,24383.328125,24564.0,98.0,12.0,97.433,45.0,2685.0
121.2888380000004,24383.328125,24564.0,98.0,12.0,97.433,45.0,2685.0
121.35098780000044,24383.328125,24564.0,98.0,12.0,97.433,45.0,2685.0
121.41298389999974,24383.328125,24564.0,97.0,22.0,98.515,45.0,2685.0
121.47448799999984,24383.328125,24564.0,97.0,22.0,98.515,45.0,2685.0
121.53693639999983,24383.328125,24564.0,97.0,22.0,98.515,45.0,2685.0
121.59838490000038,24383.328125,24564.0,97.0,22.0,98.515,45.0,2685.0
121.66115569999965,24383.328125,24564.0,97.0,22.0,98.515,45.0,2685.0
121.72105910000028,24383.328125,24564.0,97.0,22.0,98.515,45.0,2685.0
121.78225910000037,24383.328125,24564.0,97.0,22.0,98.515,45.0,2685.0
121.84348959999988,24383.328125,24564.0,97.0,22.0,98.515,45.0,2685.0
121.90626650000013,24383.328125,24564.0,99.0,19.0,99.877,44.0,2685.0
121.96747820000019,24383.328125,24564.0,99.0,19.0,99.877,44.0,2685.0
122.02910470000097,24383.328125,24564.0,99.0,19.0,99.877,44.0,2685.0
122.08951639999941,24383.328125,24564.0,99.0,19.0,99.877,44.0,2685.0
122.15232900000046,24383.328125,24564.0,99.0,19.0,99.877,44.0,2685.0
122.21397609999985,24383.328125,24564.0,99.0,19.0,99.877,44.0,2685.0
122.27498829999968,24383.328125,24564.0,99.0,19.0,99.877,44.0,2685.0
122.33626639999966,24383.328125,24564.0,99.0,19.0,99.877,44.0,2685.0
122.39759910000066,24383.328125,24564.0,99.0,13.0,99.795,44.0,2685.0
122.46026370000072,24383.328125,24564.0,99.0,13.0,99.795,44.0,2685.0
122.5209090999997,24383.328125,24564.0,99.0,13.0,99.795,44.0,2685.0
122.58354780000082,24383.328125,24564.0,99.0,13.0,99.795,44.0,2685.0
122.64398299999993,24383.328125,24564.0,99.0,13.0,99.795,44.0,2685.0
122.70693430000028,24383.328125,24564.0,99.0,13.0,99.795,44.0,2685.0
122.76746120000098,24383.328125,24564.0,99.0,13.0,99.795,44.0,2685.0
122.8290663000007,24383.328125,24564.0,99.0,13.0,99.795,44.0,2685.0
122.89098589999958,24383.328125,24564.0,100.0,1.0,99.23,44.0,2685.0
122.95212569999967,24383.328125,24564.0,100.0,1.0,99.23,44.0,2685.0
123.0139651999998,24383.328125,24564.0,100.0,1.0,99.23,44.0,2685.0
123.07661619999999,24383.328125,24564.0,100.0,1.0,99.23,44.0,2685.0
123.13729690000036,24383.328125,24564.0,100.0,1.0,99.23,44.0,2685.0
123.19853610000064,24383.328125,24564.0,100.0,1.0,99.23,44.0,2685.0
123.26086690000011,24383.328125,24564.0,100.0,1.0,99.23,44.0,2685.0
123.32437519999985,24383.328125,24564.0,100.0,1.0,99.23,44.0,2685.0
123.38658779999969,24383.328125,24564.0,100.0,1.0,98.337,44.0,2685.0
123.44735209999999,24383.328125,24564.0,100.0,1.0,98.337,44.0,2685.0
123.50842340000054,24383.328125,24564.0,100.0,1.0,98.337,44.0,2685.0
123.56968509999933,24383.328125,24564.0,100.0,1.0,98.337,44.0,2685.0
123.63145649999933,24383.328125,24564.0,100.0,1.0,98.337,44.0,2685.0
123.69273369999974,24383.328125,24564.0,100.0,1.0,98.337,44.0,2685.0
123.75634469999932,24383.328125,24564.0,100.0,1.0,98.337,44.0,2685.0
123.81910770000104,24383.328125,24564.0,100.0,1.0,98.337,44.0,2685.0
123.88031969999975,24383.328125,24564.0,100.0,1.0,98.337,44.0,2685.0
123.94263580000006,24383.328125,24564.0,100.0,1.0,96.316,44.0,2685.0
124.00566760000038,24383.328125,24564.0,100.0,1.0,96.316,44.0,2685.0
124.06647069999963,24383.328125,24564.0,100.0,1.0,96.316,44.0,2685.0
124.12761800000044,24383.328125,24564.0,100.0,1.0,96.316,44.0,2685.0
124.19090510000024,24383.328125,24564.0,100.0,1.0,96.316,44.0,2685.0
124.25339890000032,24383.328125,24564.0,100.0,1.0,96.316,44.0,2685.0
124.31557539999994,24383.328125,24564.0,100.0,1.0,96.316,44.0,2685.0
124.37644530000034,24383.328125,24564.0,100.0,1.0,96.316,44.0,2685.0
124.43984029999956,24383.328125,24564.0,100.0,1.0,96.454,44.0,2685.0
124.50080399999933,24383.328125,24564.0,100.0,1.0,96.454,44.0,2685.0
124.56334400000014,24383.328125,24564.0,100.0,1.0,96.454,44.0,2685.0
124.62632819999999,24383.328125,24564.0,100.0,1.0,96.454,44.0,2685.0
124.68855369999983,24383.328125,24564.0,100.0,1.0,96.454,44.0,2685.0
124.75132300000041,24383.328125,24564.0,100.0,1.0,96.454,44.0,2685.0
124.8123185000004,24383.328125,24564.0,100.0,1.0,96.454,44.0,2685.0
124.87517570000091,24383.328125,24564.0,100.0,1.0,96.454,44.0,2685.0
124.93565680000029,24383.328125,24564.0,100.0,1.0,96.376,44.0,2685.0
124.99623960000099,24383.328125,24564.0,100.0,1.0,96.376,44.0,2685.0
125.05750330000046,24383.328125,24564.0,100.0,1.0,96.376,44.0,2685.0
125.12018159999934,24383.328125,24564.0,100.0,1.0,96.376,44.0,2685.0
125.18256210000072,24383.328125,24564.0,100.0,1.0,96.376,44.0,2685.0
125.24734929999977,24383.328125,24564.0,100.0,1.0,96.376,44.0,2685.0
125.31026050000037,24383.328125,24564.0,100.0,1.0,96.376,44.0,2685.0
125.37314900000092,24383.328125,24564.0,100.0,1.0,96.376,44.0,2685.0
125.43448239999998,24383.328125,24564.0,100.0,1.0,96.254,44.0,2685.0
125.49543540000013,24383.328125,24564.0,100.0,1.0,96.254,44.0,2685.0
125.55735110000023,24383.328125,24564.0,100.0,1.0,96.254,44.0,2685.0
125.61915539999973,24383.328125,24564.0,100.0,1.0,96.254,44.0,2685.0
125.68080829999963,24383.328125,24564.0,100.0,1.0,96.254,44.0,2685.0
125.74312120000104,24383.328125,24564.0,100.0,1.0,96.254,44.0,2685.0
125.80544890000056,24383.328125,24564.0,100.0,1.0,96.254,44.0,2685.0
125.86677930000042,24383.328125,24564.0,100.0,1.0,96.254,44.0,2685.0
125.92826670000068,24383.328125,24564.0,100.0,1.0,96.269,44.0,2685.0
125.9895407999993,24383.328125,24564.0,100.0,1.0,96.269,44.0,2685.0
126.05255220000072,24383.328125,24564.0,100.0,1.0,96.269,44.0,2685.0
126.11542180000106,24383.328125,24564.0,100.0,1.0,96.269,44.0,2685.0
126.17762640000001,24383.328125,24564.0,100.0,1.0,96.269,44.0,2685.0
126.23886440000024,24383.328125,24564.0,100.0,1.0,96.269,44.0,2685.0
126.30098429999998,24383.328125,24564.0,100.0,1.0,96.269,44.0,2685.0
126.36253580000084,24383.328125,24564.0,100.0,1.0,96.269,44.0,2685.0
126.42424419999952,24383.328125,24564.0,100.0,1.0,96.45,44.0,2685.0
126.48541149999983,24383.328125,24564.0,100.0,1.0,96.45,44.0,2685.0
126.54697490000035,24383.328125,24564.0,100.0,1.0,96.45,44.0,2685.0
126.60903839999992,24383.328125,24564.0,100.0,1.0,96.45,44.0,2685.0
126.67228369999975,24383.328125,24564.0,100.0,1.0,96.45,44.0,2685.0
126.73418529999981,24383.328125,24564.0,100.0,1.0,96.45,44.0,2685.0
126.79624950000107,24383.328125,24564.0,100.0,1.0,96.45,44.0,2685.0
126.85749810000016,24383.328125,24564.0,100.0,1.0,96.45,44.0,2685.0
126.9211890000006,24383.328125,24564.0,98.0,19.0,98.179,45.0,2685.0
126.98234150000098,24383.328125,24564.0,98.0,19.0,98.179,45.0,2685.0
127.04466239999965,24383.328125,24564.0,98.0,19.0,98.179,45.0,2685.0
127.10769590000018,24383.328125,24564.0,98.0,19.0,98.179,45.0,2685.0
127.17070480000075,24383.328125,24564.0,98.0,19.0,98.179,45.0,2685.0
127.23148570000012,24383.328125,24564.0,98.0,19.0,98.179,45.0,2685.0
127.2939437999994,24383.328125,24564.0,98.0,19.0,98.179,45.0,2685.0
127.35575299999982,24383.328125,24564.0,98.0,19.0,98.179,45.0,2685.0
127.41752690000067,24383.328125,24564.0,97.0,26.0,99.046,44.0,2685.0
127.48018840000077,24383.328125,24564.0,97.0,26.0,99.046,44.0,2685.0
127.54132519999985,24383.328125,24564.0,97.0,26.0,99.046,44.0,2685.0
127.60184149999986,24383.328125,24564.0,97.0,26.0,99.046,44.0,2685.0
127.66470719999961,24383.328125,24564.0,97.0,26.0,99.046,44.0,2685.0
127.72555330000068,24383.328125,24564.0,97.0,26.0,99.046,44.0,2685.0
127.78633389999959,24383.328125,24564.0,97.0,26.0,99.046,44.0,2685.0
127.84879519999959,24383.328125,24564.0,97.0,26.0,99.046,44.0,2685.0
127.90896679999969,24383.328125,24564.0,99.0,28.0,100.038,44.0,2685.0
127.97079549999944,24383.328125,24564.0,99.0,28.0,100.038,44.0,2685.0
128.03367029999936,24383.328125,24564.0,99.0,28.0,100.038,44.0,2685.0
128.0962999000003,24383.328125,24564.0,99.0,28.0,100.038,44.0,2685.0
128.1591399000008,24383.328125,24564.0,99.0,28.0,100.038,44.0,2685.0
128.21980740000072,24383.328125,24564.0,99.0,28.0,100.038,44.0,2685.0
128.28243370000018,24383.328125,24564.0,99.0,28.0,100.038,44.0,2685.0
128.3436318999993,24383.328125,24564.0,99.0,28.0,100.038,44.0,2685.0
128.40649510000003,24383.328125,24564.0,99.0,14.0,100.087,44.0,2685.0
128.4691968999996,24383.328125,24564.0,99.0,14.0,100.087,44.0,2685.0
128.53134940000018,24383.328125,24564.0,99.0,14.0,100.087,44.0,2685.0
128.59321799999998,24383.328125,24564.0,99.0,14.0,100.087,44.0,2685.0
128.65454350000073,24383.328125,24564.0,99.0,14.0,100.087,44.0,2685.0
128.71634020000056,24383.328125,24564.0,99.0,14.0,100.087,44.0,2685.0
128.7778956000002,24383.328125,24564.0,99.0,14.0,100.087,44.0,2685.0
128.83890620000057,24383.328125,24564.0,99.0,14.0,100.087,44.0,2685.0
128.90231029999995,24383.328125,24564.0,100.0,1.0,100.064,44.0,2685.0
128.96249669999997,24383.328125,24564.0,100.0,1.0,100.064,44.0,2685.0
129.02530560000014,24383.328125,24564.0,100.0,1.0,100.064,44.0,2685.0
129.08668980000039,24383.328125,24564.0,100.0,1.0,100.064,44.0,2685.0
129.14754340000036,24383.328125,24564.0,100.0,1.0,100.064,44.0,2685.0
129.2104362000009,24383.328125,24564.0,100.0,1.0,100.064,44.0,2685.0
129.27246960000048,24383.328125,24564.0,100.0,1.0,100.064,44.0,2685.0
129.33413529999962,24383.328125,24564.0,100.0,1.0,100.064,44.0,2685.0
129.3973963999997,24383.328125,24564.0,100.0,1.0,98.361,44.0,2685.0
129.4588222000002,24383.328125,24564.0,100.0,1.0,98.361,44.0,2685.0
129.52113310000095,24383.328125,24564.0,100.0,1.0,98.361,44.0,2685.0
129.58231569999953,24383.328125,24564.0,100.0,1.0,98.361,44.0,2685.0
129.64377989999957,24383.328125,24564.0,100.0,1.0,98.361,44.0,2685.0
129.70652750000045,24383.328125,24564.0,100.0,1.0,98.361,44.0,2685.0
129.7686706000004,24383.328125,24564.0,100.0,1.0,98.361,44.0,2685.0
129.8305887000006,24383.328125,24564.0,100.0,1.0,98.361,44.0,2685.0
129.89237830000093,24383.328125,24564.0,100.0,1.0,96.476,44.0,2685.0
129.95471980000002,24383.328125,24564.0,100.0,1.0,96.476,44.0,2685.0
130.01725090000036,24383.328125,24564.0,100.0,1.0,96.476,44.0,2685.0
130.07770999999957,24383.328125,24564.0,100.0,1.0,96.476,44.0,2685.0
130.14066620000085,24383.328125,24564.0,100.0,1.0,96.476,44.0,2685.0
130.20336250000037,24383.328125,24564.0,100.0,1.0,96.476,44.0,2685.0
130.26538059999984,24383.328125,24564.0,100.0,1.0,96.476,44.0,2685.0
130.3286005000009,24383.328125,24564.0,100.0,1.0,96.476,44.0,2685.0
130.39038749999963,24383.328125,24564.0,100.0,1.0,96.532,44.0,2685.0
130.45245749999958,24383.328125,24564.0,100.0,1.0,96.532,44.0,2685.0
130.51400579999972,24383.328125,24564.0,100.0,1.0,96.532,44.0,2685.0
130.5740366000009,24383.328125,24564.0,100.0,1.0,96.532,44.0,2685.0
130.63443370000095,24383.328125,24564.0,100.0,1.0,96.532,44.0,2685.0
130.69663070000024,24383.328125,24564.0,100.0,1.0,96.532,44.0,2685.0
130.7571724999998,24383.328125,24564.0,100.0,1.0,96.532,44.0,2685.0
130.81894140000077,24383.328125,24564.0,100.0,1.0,96.532,44.0,2685.0
130.88183930000014,24383.328125,24564.0,100.0,1.0,96.518,44.0,2685.0
130.9445238999997,24383.328125,24564.0,100.0,1.0,96.518,44.0,2685.0
131.00601219999953,24383.328125,24564.0,100.0,1.0,96.518,44.0,2685.0
131.06813370000054,24383.328125,24564.0,100.0,1.0,96.518,44.0,2685.0
131.12981779999973,24383.328125,24564.0,100.0,1.0,96.518,44.0,2685.0
131.19254739999997,24383.328125,24564.0,100.0,1.0,96.518,44.0,2685.0
131.2535667000011,24383.328125,24564.0,100.0,1.0,96.518,44.0,2685.0
131.31422480000037,24383.328125,24564.0,100.0,1.0,96.518,44.0,2685.0
131.37660010000036,24383.328125,24564.0,100.0,1.0,96.518,44.0,2685.0
131.43887360000008,24383.328125,24564.0,100.0,1.0,96.389,45.0,2685.0
131.49913879999986,24383.328125,24564.0,100.0,1.0,96.389,45.0,2685.0
131.55993169999965,24383.328125,24564.0,100.0,1.0,96.389,45.0,2685.0
131.6222114000011,24383.328125,24564.0,100.0,1.0,96.389,45.0,2685.0
131.6825428000011,24383.328125,24564.0,100.0,1.0,96.389,45.0,2685.0
131.7438944000005,24383.328125,24564.0,100.0,1.0,96.389,45.0,2685.0
131.8061486000006,24383.328125,24564.0,100.0,1.0,96.389,45.0,2685.0
131.86899970000013,24383.328125,24564.0,100.0,1.0,96.389,45.0,2685.0
131.9314155000011,24383.328125,24564.0,98.0,3.0,96.592,45.0,2685.0
131.9921391000007,24383.328125,24564.0,98.0,3.0,96.592,45.0,2685.0
132.0554790999995,24383.328125,24564.0,98.0,3.0,96.592,45.0,2685.0
132.11764589999984,24383.328125,24564.0,98.0,3.0,96.592,45.0,2685.0
132.1806747999999,24383.328125,24564.0,98.0,3.0,96.592,45.0,2685.0
132.24235630000112,24383.328125,24564.0,98.0,3.0,96.592,45.0,2685.0
132.30533269999978,24383.328125,24564.0,98.0,3.0,96.592,45.0,2685.0
132.36753619999945,24383.328125,24564.0,98.0,3.0,96.592,45.0,2685.0
132.42909809999946,24383.328125,24564.0,97.0,26.0,99.949,44.0,2685.0
132.49100759999965,24383.328125,24564.0,97.0,26.0,99.949,44.0,2685.0
132.55349209999986,24383.328125,24564.0,97.0,26.0,99.949,44.0,2685.0
132.61545110000043,24383.328125,24564.0,97.0,26.0,99.949,44.0,2685.0
132.67765719999989,24383.328125,24564.0,97.0,26.0,99.949,44.0,2685.0
132.7399693999996,24383.328125,24564.0,97.0,26.0,99.949,44.0,2685.0
132.8032106999999,24383.328125,24564.0,97.0,26.0,99.949,44.0,2685.0
132.86687680000068,24383.328125,24564.0,97.0,26.0,99.949,44.0,2685.0
132.92882240000108,24383.328125,24564.0,99.0,20.0,99.911,44.0,2685.0
132.9910858000003,24383.328125,24564.0,99.0,20.0,99.911,44.0,2685.0
133.0533835999995,24383.328125,24564.0,99.0,20.0,99.911,44.0,2685.0
133.11525210000036,24383.328125,24564.0,99.0,20.0,99.911,44.0,2685.0
133.17802680000023,24383.328125,24564.0,99.0,20.0,99.911,44.0,2685.0
133.24033469999995,24383.328125,24564.0,99.0,20.0,99.911,44.0,2685.0
133.3010587000008,24383.328125,24564.0,99.0,20.0,99.911,44.0,2685.0
133.36236579999968,24383.328125,24564.0,99.0,20.0,99.911,44.0,2685.0
133.42397800000072,24383.328125,24564.0,99.0,1.0,99.807,44.0,2685.0
133.48636199999964,24383.328125,24564.0,99.0,1.0,99.807,44.0,2685.0
133.54709209999965,24383.328125,24564.0,99.0,1.0,99.807,44.0,2685.0
133.60891790000096,24383.328125,24564.0,99.0,1.0,99.807,44.0,2685.0
133.67002520000096,24383.328125,24564.0,99.0,1.0,99.807,44.0,2685.0
133.73219160000008,24383.328125,24564.0,99.0,1.0,99.807,44.0,2685.0
133.79256110000097,24383.328125,24564.0,99.0,1.0,99.807,44.0,2685.0
133.8563725999993,24383.328125,24564.0,99.0,1.0,99.807,44.0,2685.0
133.91833299999962,24383.328125,24564.0,100.0,1.0,99.621,44.0,2685.0
133.9800722,24383.328125,24564.0,100.0,1.0,99.621,44.0,2685.0
134.04236189999938,24383.328125,24564.0,100.0,1.0,99.621,44.0,2685.0
134.1046735,24383.328125,24564.0,100.0,1.0,99.621,44.0,2685.0
134.1665635999998,24383.328125,24564.0,100.0,1.0,99.621,44.0,2685.0
134.22774329999993,24383.328125,24564.0,100.0,1.0,99.621,44.0,2685.0
134.28907640000034,24383.328125,24564.0,100.0,1.0,99.621,44.0,2685.0
134.35217030000058,24383.328125,24564.0,100.0,1.0,99.621,44.0,2685.0
134.41521020000073,24383.328125,24564.0,100.0,1.0,96.368,44.0,2685.0
134.4782952000005,24383.328125,24564.0,100.0,1.0,96.368,44.0,2685.0
134.53995290000057,24383.328125,24564.0,100.0,1.0,96.368,44.0,2685.0
134.6024856999993,24383.328125,24564.0,100.0,1.0,96.368,44.0,2685.0
134.6634329999997,24383.328125,24564.0,100.0,1.0,96.368,44.0,2685.0
134.72548140000072,24383.328125,24564.0,100.0,1.0,96.368,44.0,2685.0
134.78913620000094,24383.328125,24564.0,100.0,1.0,96.368,44.0,2685.0
134.85257269999966,24383.328125,24564.0,100.0,1.0,96.368,44.0,2685.0
134.91373910000038,24383.328125,24564.0,99.0,8.0,130.961,49.0,2685.0
134.9756797000009,24383.328125,24564.0,99.0,8.0,130.961,49.0,2685.0
135.03862350000054,24383.328125,24564.0,99.0,8.0,130.961,49.0,2685.0
135.10132209999938,24383.328125,24564.0,99.0,8.0,130.961,49.0,2685.0
135.16350179999972,24383.328125,24564.0,99.0,8.0,130.961,49.0,2685.0
135.2265265999995,24383.328125,24564.0,99.0,8.0,130.961,49.0,2685.0
135.2886725999997,24383.328125,24564.0,99.0,8.0,130.961,49.0,2685.0
135.35107810000045,24383.328125,24564.0,99.0,8.0,130.961,49.0,2685.0
135.41249460000108,24383.328125,24564.0,100.0,1.0,160.942,46.0,2685.0
135.47524750000048,24383.328125,24564.0,100.0,1.0,160.942,46.0,2685.0
135.5380365000001,24383.328125,24564.0,100.0,1.0,160.942,46.0,2685.0
135.59900779999953,24383.328125,24564.0,100.0,1.0,160.942,46.0,2685.0
135.66102950000095,24383.328125,24564.0,100.0,1.0,160.942,46.0,2685.0
135.72327330000007,24383.328125,24564.0,100.0,1.0,160.942,46.0,2685.0
135.7844559999994,24383.328125,24564.0,100.0,1.0,160.942,46.0,2685.0
135.84739330000048,24383.328125,24564.0,100.0,1.0,160.942,46.0,2685.0
135.90781980000065,24383.328125,24564.0,100.0,1.0,138.364,45.0,2685.0
135.97027660000094,24383.328125,24564.0,100.0,1.0,138.364,45.0,2685.0
136.03145190000032,24383.328125,24564.0,100.0,1.0,138.364,45.0,2685.0
136.09389920000103,24383.328125,24564.0,100.0,1.0,138.364,45.0,2685.0
136.1552456999998,24383.328125,24564.0,100.0,1.0,138.364,45.0,2685.0
136.21656170000097,24383.328125,24564.0,100.0,1.0,138.364,45.0,2685.0
136.2776457,24383.328125,24564.0,100.0,1.0,138.364,45.0,2685.0
136.3393474000004,24383.328125,24564.0,100.0,1.0,138.364,45.0,2685.0
136.40007909999986,24383.328125,24564.0,100.0,1.0,94.726,45.0,2685.0
136.4624404999995,24383.328125,24564.0,100.0,1.0,94.726,45.0,2685.0
136.52330960000108,24383.328125,24564.0,100.0,1.0,94.726,45.0,2685.0
136.58569920000082,24383.328125,24564.0,100.0,1.0,94.726,45.0,2685.0
136.64740359999996,24383.328125,24564.0,100.0,1.0,94.726,45.0,2685.0
136.70922550000068,24383.328125,24564.0,100.0,1.0,94.726,45.0,2685.0
136.7703075999998,24383.328125,24564.0,100.0,1.0,94.726,45.0,2685.0
136.832301800001,24383.328125,24564.0,100.0,1.0,94.726,45.0,2685.0
136.8930622000007,24383.328125,24564.0,99.0,1.0,94.623,44.0,2685.0
136.9557287000007,24383.328125,24564.0,99.0,1.0,94.623,44.0,2685.0
137.01814840000043,24383.328125,24564.0,99.0,1.0,94.623,44.0,2685.0
137.07921220000026,24383.328125,24564.0,99.0,1.0,94.623,44.0,2685.0
137.1423152999996,24383.328125,24564.0,99.0,1.0,94.623,44.0,2685.0
137.20265300000028,24383.328125,24564.0,99.0,1.0,94.623,44.0,2685.0
137.26546620000045,24383.328125,24564.0,99.0,1.0,94.623,44.0,2685.0
137.3274223999997,24383.328125,24564.0,99.0,1.0,94.623,44.0,2685.0
137.39086270000007,24383.328125,24564.0,100.0,1.0,93.984,45.0,2685.0
137.4524792000011,24383.328125,24564.0,100.0,1.0,93.984,45.0,2685.0
137.51477870000053,24383.328125,24564.0,100.0,1.0,93.984,45.0,2685.0
137.57692730000053,24383.328125,24564.0,100.0,1.0,93.984,45.0,2685.0
137.6390659000008,24383.328125,24564.0,100.0,1.0,93.984,45.0,2685.0
137.70035830000052,24383.328125,24564.0,100.0,1.0,93.984,45.0,2685.0
137.76172829999996,24383.328125,24564.0,100.0,1.0,93.984,45.0,2685.0
137.82390060000034,24383.328125,24564.0,100.0,1.0,93.984,45.0,2685.0
137.8865726999993,24383.328125,24564.0,100.0,1.0,94.539,44.0,2685.0
137.94881739999983,24383.328125,24564.0,100.0,1.0,94.539,44.0,2685.0
138.01103870000043,24383.328125,24564.0,100.0,1.0,94.539,44.0,2685.0
138.0739080000003,24383.328125,24564.0,100.0,1.0,94.539,44.0,2685.0
138.13478620000024,24383.328125,24564.0,100.0,1.0,94.539,44.0,2685.0
138.19618000000082,24383.328125,24564.0,100.0,1.0,94.539,44.0,2685.0
138.25803470000028,24383.328125,24564.0,100.0,1.0,94.539,44.0,2685.0
138.32000119999975,24383.328125,24564.0,100.0,1.0,94.539,44.0,2685.0
138.3823740000007,24383.328125,24564.0,100.0,1.0,94.539,44.0,2685.0
138.44349019999936,24383.328125,24564.0,99.0,1.0,94.776,44.0,2685.0
138.50529430000097,24383.328125,24564.0,99.0,1.0,94.776,44.0,2685.0
138.5675265000009,24383.328125,24564.0,99.0,1.0,94.776,44.0,2685.0
138.629052100001,24383.328125,24564.0,99.0,1.0,94.776,44.0,2685.0
138.690142200001,24383.328125,24564.0,99.0,1.0,94.776,44.0,2685.0
138.75146669999958,24383.328125,24564.0,99.0,1.0,94.776,44.0,2685.0
138.81321390000085,24383.328125,24564.0,99.0,1.0,94.776,44.0,2685.0
138.87533629999962,24383.328125,24564.0,99.0,1.0,94.776,44.0,2685.0
138.9368747999997,24383.328125,24564.0,100.0,1.0,94.235,44.0,2685.0
138.99866819999988,24383.328125,24564.0,100.0,1.0,94.235,44.0,2685.0
139.06094830000075,24383.328125,24564.0,100.0,1.0,94.235,44.0,2685.0
139.12200470000062,24383.328125,24564.0,100.0,1.0,94.235,44.0,2685.0
139.18248900000071,24383.328125,24564.0,100.0,1.0,94.235,44.0,2685.0
139.2454075000005,24383.328125,24564.0,100.0,1.0,94.235,44.0,2685.0
139.30667540000104,24383.328125,24564.0,100.0,1.0,94.235,44.0,2685.0
139.36807860000044,24383.328125,24564.0,100.0,1.0,94.235,44.0,2685.0
139.4299418999999,24383.328125,24564.0,99.0,8.0,118.57,49.0,2685.0
139.49138560000029,24383.328125,24564.0,99.0,8.0,118.57,49.0,2685.0
139.55480200000056,24383.328125,24564.0,99.0,8.0,118.57,49.0,2685.0
139.61627640000006,24383.328125,24564.0,99.0,8.0,118.57,49.0,2685.0
139.67910070000107,24383.328125,24564.0,99.0,8.0,118.57,49.0,2685.0
139.74238350000087,24383.328125,24564.0,99.0,8.0,118.57,49.0,2685.0
139.80316870000024,24383.328125,24564.0,99.0,8.0,118.57,49.0,2685.0
139.864415,24383.328125,24564.0,99.0,8.0,118.57,49.0,2685.0
139.9282443000011,24383.328125,24564.0,100.0,1.0,161.701,46.0,2685.0
139.98912349999955,24383.328125,24564.0,100.0,1.0,161.701,46.0,2685.0
140.05179950000093,24383.328125,24564.0,100.0,1.0,161.701,46.0,2685.0
140.11431269999957,24383.328125,24564.0,100.0,1.0,161.701,46.0,2685.0
140.17666439999994,24383.328125,24564.0,100.0,1.0,161.701,46.0,2685.0
140.23715579999953,24383.328125,24564.0,100.0,1.0,161.701,46.0,2685.0
140.29742740000074,24383.328125,24564.0,100.0,1.0,161.701,46.0,2685.0
140.35916630000065,24383.328125,24564.0,100.0,1.0,161.701,46.0,2685.0
140.42046909999954,24383.328125,24564.0,100.0,1.0,148.35,45.0,2685.0
140.48214139999982,24383.328125,24564.0,100.0,1.0,148.35,45.0,2685.0
140.54550580000068,24383.328125,24564.0,100.0,1.0,148.35,45.0,2685.0
140.6069518000004,24383.328125,24564.0,100.0,1.0,148.35,45.0,2685.0
140.66925810000066,24383.328125,24564.0,100.0,1.0,148.35,45.0,2685.0
140.7312746000007,24383.328125,24564.0,100.0,1.0,148.35,45.0,2685.0
140.79338989999997,24383.328125,24564.0,100.0,1.0,148.35,45.0,2685.0
140.85527899999943,24383.328125,24564.0,100.0,1.0,148.35,45.0,2685.0
140.9181735000002,24383.328125,24564.0,100.0,1.0,95.459,45.0,2685.0
140.98017570000047,24383.328125,24564.0,100.0,1.0,95.459,45.0,2685.0
141.0421208000007,24383.328125,24564.0,100.0,1.0,95.459,45.0,2685.0
141.1042421000002,24383.328125,24564.0,100.0,1.0,95.459,45.0,2685.0
141.16726500000004,24383.328125,24564.0,100.0,1.0,95.459,45.0,2685.0
141.22918969999955,24383.328125,24564.0,100.0,1.0,95.459,45.0,2685.0
141.28932970000096,24383.328125,24564.0,100.0,1.0,95.459,45.0,2685.0
141.35109019999982,24383.328125,24564.0,100.0,1.0,95.459,45.0,2685.0
141.4124642000006,24383.328125,24564.0,100.0,1.0,95.176,45.0,2685.0
141.4742554000004,24383.328125,24564.0,100.0,1.0,95.176,45.0,2685.0
141.53555570000026,24383.328125,24564.0,100.0,1.0,95.176,45.0,2685.0
141.59679660000074,24383.328125,24564.0,100.0,1.0,95.176,45.0,2685.0
141.65902579999965,24383.328125,24564.0,100.0,1.0,95.176,45.0,2685.0
141.72035959999994,24383.328125,24564.0,100.0,1.0,95.176,45.0,2685.0
141.78208219999942,24383.328125,24564.0,100.0,1.0,95.176,45.0,2685.0
141.84260370000084,24383.328125,24564.0,100.0,1.0,95.176,45.0,2685.0
141.9053884999994,24383.328125,24564.0,100.0,1.0,94.471,45.0,2685.0
141.96753999999964,24383.328125,24564.0,100.0,1.0,94.471,45.0,2685.0
142.02996490000078,24383.328125,24564.0,100.0,1.0,94.471,45.0,2685.0
142.0937498000003,24383.328125,24564.0,100.0,1.0,94.471,45.0,2685.0
142.15571920000002,24383.328125,24564.0,100.0,1.0,94.471,45.0,2685.0
142.21783789999972,24383.328125,24564.0,100.0,1.0,94.471,45.0,2685.0
142.2793916999999,24383.328125,24564.0,100.0,1.0,94.471,45.0,2685.0
142.33912819999932,24383.328125,24564.0,100.0,1.0,94.471,45.0,2685.0
142.4026231000007,24383.328125,24564.0,100.0,1.0,94.921,45.0,2685.0
142.46478080000088,24383.328125,24564.0,100.0,1.0,94.921,45.0,2685.0
142.5276317000007,24383.328125,24564.0,100.0,1.0,94.921,45.0,2685.0
142.59019439999975,24383.328125,24564.0,100.0,1.0,94.921,45.0,2685.0
142.65259960000003,24383.328125,24564.0,100.0,1.0,94.921,45.0,2685.0
142.71399460000066,24383.328125,24564.0,100.0,1.0,94.921,45.0,2685.0
142.77428660000078,24383.328125,24564.0,100.0,1.0,94.921,45.0,2685.0
142.8358346999994,24383.328125,24564.0,100.0,1.0,94.921,45.0,2685.0
142.89699380000093,24383.328125,24564.0,100.0,1.0,95.04,45.0,2685.0
142.9575218000009,24383.328125,24564.0,100.0,1.0,95.04,45.0,2685.0
143.02094849999958,24383.328125,24564.0,100.0,1.0,95.04,45.0,2685.0
143.08197250000012,24383.328125,24564.0,100.0,1.0,95.04,45.0,2685.0
143.14403850000053,24383.328125,24564.0,100.0,1.0,95.04,45.0,2685.0
143.20416040000055,24383.328125,24564.0,100.0,1.0,95.04,45.0,2685.0
143.26590209999995,24383.328125,24564.0,100.0,1.0,95.04,45.0,2685.0
143.3275577000004,24383.328125,24564.0,100.0,1.0,95.04,45.0,2685.0
143.38923930000055,24383.328125,24564.0,100.0,1.0,94.056,44.0,2685.0
143.45086509999965,24383.328125,24564.0,100.0,1.0,94.056,44.0,2685.0
143.51297499999964,24383.328125,24564.0,100.0,1.0,94.056,44.0,2685.0
143.57482139999956,24383.328125,24564.0,100.0,1.0,94.056,44.0,2685.0
143.63782639999954,24383.328125,24564.0,100.0,1.0,94.056,44.0,2685.0
143.6991221999997,24383.328125,24564.0,100.0,1.0,94.056,44.0,2685.0
143.76073739999993,24383.328125,24564.0,100.0,1.0,94.056,44.0,2685.0
143.822411000001,24383.328125,24564.0,100.0,1.0,94.056,44.0,2685.0
143.88408920000074,24383.328125,24564.0,96.0,30.0,97.07,44.0,2685.0
143.94475179999972,24383.328125,24564.0,96.0,30.0,97.07,44.0,2685.0
144.006177700001,24383.328125,24564.0,96.0,30.0,97.07,44.0,2685.0
144.06784300000072,24383.328125,24564.0,96.0,30.0,97.07,44.0,2685.0
144.1291583000002,24383.328125,24564.0,96.0,30.0,97.07,44.0,2685.0
144.19096209999952,24383.328125,24564.0,96.0,30.0,97.07,44.0,2685.0
144.2520846999996,24383.328125,24564.0,96.0,30.0,97.07,44.0,2685.0
144.3146383000003,24383.328125,24564.0,96.0,30.0,97.07,44.0,2685.0
144.3758383000004,24383.328125,24564.0,96.0,30.0,97.07,44.0,2685.0
144.43778419999944,24383.328125,24564.0,99.0,17.0,98.245,44.0,2685.0
144.49911840000095,24383.328125,24564.0,99.0,17.0,98.245,44.0,2685.0
144.56136460000016,24383.328125,24564.0,99.0,17.0,98.245,44.0,2685.0
144.62366620000103,24383.328125,24564.0,99.0,17.0,98.245,44.0,2685.0
144.68538489999992,24383.328125,24564.0,99.0,17.0,98.245,44.0,2685.0
144.74769130000095,24383.328125,24564.0,99.0,17.0,98.245,44.0,2685.0
144.80910380000023,24383.328125,24564.0,99.0,17.0,98.245,44.0,2685.0
144.8704278999994,24383.328125,24564.0,99.0,17.0,98.245,44.0,2685.0
144.93211429999974,24383.328125,24564.0,100.0,1.0,99.817,44.0,2685.0
144.9933447000003,24383.328125,24564.0,100.0,1.0,99.817,44.0,2685.0
145.05480220000027,24383.328125,24564.0,100.0,1.0,99.817,44.0,2685.0
145.11650279999958,24383.328125,24564.0,100.0,1.0,99.817,44.0,2685.0
145.17933149999953,24383.328125,24564.0,100.0,1.0,99.817,44.0,2685.0
145.2406575999994,24383.328125,24564.0,100.0,1.0,99.817,44.0,2685.0
145.30205240000032,24383.328125,24564.0,100.0,1.0,99.817,44.0,2685.0
145.36340100000052,24383.328125,24564.0,100.0,1.0,99.817,44.0,2685.0
145.4255702999999,24383.328125,24564.0,99.0,1.0,98.869,44.0,2685.0
145.48902180000005,24383.328125,24564.0,99.0,1.0,98.869,44.0,2685.0
145.5513422999993,24383.328125,24564.0,99.0,1.0,98.869,44.0,2685.0
145.61304349999955,24383.328125,24564.0,99.0,1.0,98.869,44.0,2685.0
145.6758690000006,24383.328125,24564.0,99.0,1.0,98.869,44.0,2685.0
145.73757020000085,24383.328125,24564.0,99.0,1.0,98.869,44.0,2685.0
145.80030930000066,24383.328125,24564.0,99.0,1.0,98.869,44.0,2685.0
145.86230260000048,24383.328125,24564.0,99.0,1.0,98.869,44.0,2685.0
145.9229336999997,24383.328125,24564.0,100.0,1.0,96.443,44.0,2685.0
145.98535459999948,24383.328125,24564.0,100.0,1.0,96.443,44.0,2685.0
146.0463682999998,24383.328125,24564.0,100.0,1.0,96.443,44.0,2685.0
146.10902680000072,24383.328125,24564.0,100.0,1.0,96.443,44.0,2685.0
146.17066820000036,24383.328125,24564.0,100.0,1.0,96.443,44.0,2685.0
146.23257620000004,24383.328125,24564.0,100.0,1.0,96.443,44.0,2685.0
146.29443730000094,24383.328125,24564.0,100.0,1.0,96.443,44.0,2685.0
146.35721530000046,24383.328125,24564.0,100.0,1.0,96.443,44.0,2685.0
146.4191780000001,24383.328125,24564.0,100.0,1.0,96.37,44.0,2685.0
146.48101700000007,24383.328125,24564.0,100.0,1.0,96.37,44.0,2685.0
146.5438365000009,24383.328125,24564.0,100.0,1.0,96.37,44.0,2685.0
146.6064626999996,24383.328125,24564.0,100.0,1.0,96.37,44.0,2685.0
146.6703716000011,24383.328125,24564.0,100.0,1.0,96.37,44.0,2685.0
146.7326677000001,24383.328125,24564.0,100.0,1.0,96.37,44.0,2685.0
146.79390199999943,24383.328125,24564.0,100.0,1.0,96.37,44.0,2685.0
146.85556469999938,24383.328125,24564.0,100.0,1.0,96.37,44.0,2685.0
146.91831920000004,24383.328125,24564.0,100.0,1.0,96.362,44.0,2685.0
146.98028209999939,24383.328125,24564.0,100.0,1.0,96.362,44.0,2685.0
147.04259280000042,24383.328125,24564.0,100.0,1.0,96.362,44.0,2685.0
147.1032720000003,24383.328125,24564.0,100.0,1.0,96.362,44.0,2685.0
147.16458690000036,24383.328125,24564.0,100.0,1.0,96.362,44.0,2685.0
147.22565380000015,24383.328125,24564.0,100.0,1.0,96.362,44.0,2685.0
147.2864456999996,24383.328125,24564.0,100.0,1.0,96.362,44.0,2685.0
147.3476713,24383.328125,24564.0,100.0,1.0,96.362,44.0,2685.0
147.41059359999963,24383.328125,24564.0,100.0,1.0,96.288,44.0,2685.0
147.47210509999968,24383.328125,24564.0,100.0,1.0,96.288,44.0,2685.0
147.53254809999999,24383.328125,24564.0,100.0,1.0,96.288,44.0,2685.0
147.59516690000055,24383.328125,24564.0,100.0,1.0,96.288,44.0,2685.0
147.65687900000012,24383.328125,24564.0,100.0,1.0,96.288,44.0,2685.0
147.71776409999984,24383.328125,24564.0,100.0,1.0,96.288,44.0,2685.0
147.78103240000019,24383.328125,24564.0,100.0,1.0,96.288,44.0,2685.0
147.8429844000002,24383.328125,24564.0,100.0,1.0,96.288,44.0,2685.0
147.9048399000003,24383.328125,24564.0,100.0,1.0,96.287,44.0,2685.0
147.96684330000062,24383.328125,24564.0,100.0,1.0,96.287,44.0,2685.0
148.0290954000011,24383.328125,24564.0,100.0,1.0,96.287,44.0,2685.0
148.09110580000015,24383.328125,24564.0,100.0,1.0,96.287,44.0,2685.0
148.15360280000095,24383.328125,24564.0,100.0,1.0,96.287,44.0,2685.0
148.21516150000025,24383.328125,24564.0,100.0,1.0,96.287,44.0,2685.0
148.277871100001,24383.328125,24564.0,100.0,1.0,96.287,44.0,2685.0
148.33936929999982,24383.328125,24564.0,100.0,1.0,96.287,44.0,2685.0
148.40033930000027,24383.328125,24564.0,100.0,1.0,96.266,45.0,2685.0
148.46209740000086,24383.328125,24564.0,100.0,1.0,96.266,45.0,2685.0
148.52353949999997,24383.328125,24564.0,100.0,1.0,96.266,45.0,2685.0
148.58553240000037,24383.328125,24564.0,100.0,1.0,96.266,45.0,2685.0
148.64778640000077,24383.328125,24564.0,100.0,1.0,96.266,45.0,2685.0
148.70894749999934,24383.328125,24564.0,100.0,1.0,96.266,45.0,2685.0
148.77198769999995,24383.328125,24564.0,100.0,1.0,96.266,45.0,2685.0
148.83339999999953,24383.328125,24564.0,100.0,1.0,96.266,45.0,2685.0
148.89522550000038,24383.328125,24564.0,97.0,27.0,99.312,45.0,2685.0
148.9569145000005,24383.328125,24564.0,97.0,27.0,99.312,45.0,2685.0
149.01774169999953,24383.328125,24564.0,97.0,27.0,99.312,45.0,2685.0
149.08011540000007,24383.328125,24564.0,97.0,27.0,99.312,45.0,2685.0
149.14150110000082,24383.328125,24564.0,97.0,27.0,99.312,45.0,2685.0
149.20305569999982,24383.328125,24564.0,97.0,27.0,99.312,45.0,2685.0
149.2656103999998,24383.328125,24564.0,97.0,27.0,99.312,45.0,2685.0
149.32758359999934,24383.328125,24564.0,97.0,27.0,99.312,45.0,2685.0
149.38895469999989,24383.328125,24564.0,97.0,27.0,100.236,44.0,2685.0
149.4510764000006,24383.328125,24564.0,97.0,27.0,100.236,44.0,2685.0
149.5116280000002,24383.328125,24564.0,97.0,27.0,100.236,44.0,2685.0
149.57231150000007,24383.328125,24564.0,97.0,27.0,100.236,44.0,2685.0
149.63456810000025,24383.328125,24564.0,97.0,27.0,100.236,44.0,2685.0
149.6968627999995,24383.328125,24564.0,97.0,27.0,100.236,44.0,2685.0
149.75848080000105,24383.328125,24564.0,97.0,27.0,100.236,44.0,2685.0
149.81912069999998,24383.328125,24564.0,97.0,27.0,100.236,44.0,2685.0
149.8801423999994,24383.328125,24564.0,97.0,27.0,100.236,44.0,2685.0
149.94027129999995,24383.328125,24564.0,99.0,1.0,97.332,44.0,2685.0
150.00117470000077,24383.328125,24564.0,99.0,1.0,97.332,44.0,2685.0
150.06362720000106,24383.328125,24564.0,99.0,1.0,97.332,44.0,2685.0
150.1244129000006,24383.328125,24564.0,99.0,1.0,97.332,44.0,2685.0
150.18654249999963,24383.328125,24564.0,99.0,1.0,97.332,44.0,2685.0
150.24932590000026,24383.328125,24564.0,99.0,1.0,97.332,44.0,2685.0
150.3122741999996,24383.328125,24564.0,99.0,1.0,97.332,44.0,2685.0
150.3735213,24383.328125,24564.0,99.0,1.0,97.332,44.0,2685.0
150.43476759999976,24383.328125,24564.0,100.0,1.0,96.567,44.0,2685.0
150.49673129999974,24383.328125,24564.0,100.0,1.0,96.567,44.0,2685.0
150.55811899999935,24383.328125,24564.0,100.0,1.0,96.567,44.0,2685.0
150.6194116000006,24383.328125,24564.0,100.0,1.0,96.567,44.0,2685.0
150.6822830000001,24383.328125,24564.0,100.0,1.0,96.567,44.0,2685.0
150.74354099999982,24383.328125,24564.0,100.0,1.0,96.567,44.0,2685.0
150.80544550000013,24383.328125,24564.0,100.0,1.0,96.567,44.0,2685.0
150.86910890000036,24383.328125,24564.0,100.0,1.0,96.567,44.0,2685.0
150.93069830000059,24383.328125,24564.0,100.0,1.0,96.387,44.0,2685.0
150.99391860000105,24383.328125,24564.0,100.0,1.0,96.387,44.0,2685.0
151.05445839999993,24383.328125,24564.0,100.0,1.0,96.387,44.0,2685.0
151.11764940000103,24383.328125,24564.0,100.0,1.0,96.387,44.0,2685.0
151.1793235999994,24383.328125,24564.0,100.0,1.0,96.387,44.0,2685.0
151.2409893999993,24383.328125,24564.0,100.0,1.0,96.387,44.0,2685.0
151.30203670000083,24383.328125,24564.0,100.0,1.0,96.387,44.0,2685.0
151.3642017000002,24383.328125,24564.0,100.0,1.0,96.387,44.0,2685.0
151.42657619999954,24383.328125,24564.0,100.0,1.0,96.295,44.0,2685.0
151.4893551999994,24383.328125,24564.0,100.0,1.0,96.295,44.0,2685.0
151.55096520000006,24383.328125,24564.0,100.0,1.0,96.295,44.0,2685.0
151.6114665999994,24383.328125,24564.0,100.0,1.0,96.295,44.0,2685.0
151.67416500000036,24383.328125,24564.0,100.0,1.0,96.295,44.0,2685.0
151.73547110000072,24383.328125,24564.0,100.0,1.0,96.295,44.0,2685.0
151.79730890000064,24383.328125,24564.0,100.0,1.0,96.295,44.0,2685.0
151.85912310000094,24383.328125,24564.0,100.0,1.0,96.295,44.0,2685.0
151.92155210000055,24383.328125,24564.0,100.0,1.0,98.905,44.0,2685.0
151.98449980000078,24383.328125,24564.0,100.0,1.0,98.905,44.0,2685.0
152.04686609999953,24383.328125,24564.0,100.0,1.0,98.905,44.0,2685.0
152.10899729999983,24383.328125,24564.0,100.0,1.0,98.905,44.0,2685.0
152.1694693999998,24383.328125,24564.0,100.0,1.0,98.905,44.0,2685.0
152.23211120000087,24383.328125,24564.0,100.0,1.0,98.905,44.0,2685.0
152.2947038000002,24383.328125,24564.0,100.0,1.0,98.905,44.0,2685.0
152.3573680999998,24383.328125,24564.0,100.0,1.0,98.905,44.0,2685.0
152.4176977999996,24383.328125,24564.0,98.0,3.0,99.922,45.0,2685.0
152.47934370000075,24383.328125,24564.0,98.0,3.0,99.922,45.0,2685.0
152.54026730000078,24383.328125,24564.0,98.0,3.0,99.922,45.0,2685.0
152.60243660000015,24383.328125,24564.0,98.0,3.0,99.922,45.0,2685.0
152.66451270000107,24383.328125,24564.0,98.0,3.0,99.922,45.0,2685.0
152.72680779999973,24383.328125,24564.0,98.0,3.0,99.922,45.0,2685.0
152.78809150000052,24383.328125,24564.0,98.0,3.0,99.922,45.0,2685.0
152.84924049999972,24383.328125,24564.0,98.0,3.0,99.922,45.0,2685.0
152.9109425000006,24383.328125,24564.0,96.0,30.0,99.971,44.0,2685.0
152.9734509000009,24383.328125,24564.0,96.0,30.0,99.971,44.0,2685.0
153.03666879999946,24383.328125,24564.0,96.0,30.0,99.971,44.0,2685.0
153.0991950000007,24383.328125,24564.0,96.0,30.0,99.971,44.0,2685.0
153.16210880000108,24383.328125,24564.0,96.0,30.0,99.971,44.0,2685.0
153.22577850000016,24383.328125,24564.0,96.0,30.0,99.971,44.0,2685.0
153.2873410000011,24383.328125,24564.0,96.0,30.0,99.971,44.0,2685.0
153.34944449999966,24383.328125,24564.0,96.0,30.0,99.971,44.0,2685.0
153.41103470000053,24383.328125,24564.0,99.0,25.0,99.906,44.0,2685.0
153.4720913000001,24383.328125,24564.0,99.0,25.0,99.906,44.0,2685.0
153.53416780000043,24383.328125,24564.0,99.0,25.0,99.906,44.0,2685.0
153.59471289999965,24383.328125,24564.0,99.0,25.0,99.906,44.0,2685.0
153.65787470000032,24383.328125,24564.0,99.0,25.0,99.906,44.0,2685.0
153.7205912999998,24383.328125,24564.0,99.0,25.0,99.906,44.0,2685.0
153.7823124000006,24383.328125,24564.0,99.0,25.0,99.906,44.0,2685.0
153.8442441999996,24383.328125,24564.0,99.0,25.0,99.906,44.0,2685.0
153.90497610000057,24383.328125,24564.0,100.0,1.0,96.605,44.0,2685.0
153.9668399000002,24383.328125,24564.0,100.0,1.0,96.605,44.0,2685.0
154.0295169000001,24383.328125,24564.0,100.0,1.0,96.605,44.0,2685.0
154.0921961999993,24383.328125,24564.0,100.0,1.0,96.605,44.0,2685.0
154.15346230000068,24383.328125,24564.0,100.0,1.0,96.605,44.0,2685.0
154.21471680000104,24383.328125,24564.0,100.0,1.0,96.605,44.0,2685.0
154.2768417999996,24383.328125,24564.0,100.0,1.0,96.605,44.0,2685.0
154.33805949999987,24383.328125,24564.0,100.0,1.0,96.605,44.0,2685.0
154.39917760000026,24383.328125,24564.0,100.0,1.0,96.516,44.0,2685.0
154.46226080000088,24383.328125,24564.0,100.0,1.0,96.516,44.0,2685.0
154.5247732000007,24383.328125,24564.0,100.0,1.0,96.516,44.0,2685.0
154.58758520000083,24383.328125,24564.0,100.0,1.0,96.516,44.0,2685.0
154.6491618,24383.328125,24564.0,100.0,1.0,96.516,44.0,2685.0
154.7107087000004,24383.328125,24564.0,100.0,1.0,96.516,44.0,2685.0
154.77397329999985,24383.328125,24564.0,100.0,1.0,96.516,44.0,2685.0
154.83652690000054,24383.328125,24564.0,100.0,1.0,96.516,44.0,2685.0
154.8972775000002,24383.328125,24564.0,100.0,1.0,96.533,44.0,2685.0
154.95958500000052,24383.328125,24564.0,100.0,1.0,96.533,44.0,2685.0
155.02192000000105,24383.328125,24564.0,100.0,1.0,96.533,44.0,2685.0
155.08448339999995,24383.328125,24564.0,100.0,1.0,96.533,44.0,2685.0
155.14592690000063,24383.328125,24564.0,100.0,1.0,96.533,44.0,2685.0
155.20773860000008,24383.328125,24564.0,100.0,1.0,96.533,44.0,2685.0
155.27028439999958,24383.328125,24564.0,100.0,1.0,96.533,44.0,2685.0
155.33107539999946,24383.328125,24564.0,100.0,1.0,96.533,44.0,2685.0
155.39364969999951,24383.328125,24564.0,100.0,1.0,96.285,44.0,2685.0
155.45436060000065,24383.328125,24564.0,100.0,1.0,96.285,44.0,2685.0
155.51851350000106,24383.328125,24564.0,100.0,1.0,96.285,44.0,2685.0
155.58039790000112,24383.328125,24564.0,100.0,1.0,96.285,44.0,2685.0
155.64219609999964,24383.328125,24564.0,100.0,1.0,96.285,44.0,2685.0
155.70366169999943,24383.328125,24564.0,100.0,1.0,96.285,44.0,2685.0
155.7662483999993,24383.328125,24564.0,100.0,1.0,96.285,44.0,2685.0
155.82677929999954,24383.328125,24564.0,100.0,1.0,96.285,44.0,2685.0
155.88878269999987,24383.328125,24564.0,100.0,1.0,96.066,44.0,2685.0
155.9494066999996,24383.328125,24564.0,100.0,1.0,96.066,44.0,2685.0
156.01215430000047,24383.328125,24564.0,100.0,1.0,96.066,44.0,2685.0
156.07448769999974,24383.328125,24564.0,100.0,1.0,96.066,44.0,2685.0
156.1364948999999,24383.328125,24564.0,100.0,1.0,96.066,44.0,2685.0
156.19776230000025,24383.328125,24564.0,100.0,1.0,96.066,44.0,2685.0
156.26114380000035,24383.328125,24564.0,100.0,1.0,96.066,44.0,2685.0
156.32301610000104,24383.328125,24564.0,100.0,1.0,96.066,44.0,2685.0
156.3844594000002,24383.328125,24564.0,100.0,1.0,98.971,44.0,2685.0
156.44758030000048,24383.328125,24564.0,100.0,1.0,98.971,44.0,2685.0
156.50941330000023,24383.328125,24564.0,100.0,1.0,98.971,44.0,2685.0
156.57219319999967,24383.328125,24564.0,100.0,1.0,98.971,44.0,2685.0
156.6340008999996,24383.328125,24564.0,100.0,1.0,98.971,44.0,2685.0
156.6963334000011,24383.328125,24564.0,100.0,1.0,98.971,44.0,2685.0
156.75694920000024,24383.328125,24564.0,100.0,1.0,98.971,44.0,2685.0
156.8181440999997,24383.328125,24564.0,100.0,1.0,98.971,44.0,2685.0
156.88062320000063,24383.328125,24564.0,100.0,1.0,98.971,44.0,2685.0
156.94238480000058,24383.328125,24564.0,99.0,1.0,99.763,45.0,2685.0
157.0056691000009,24383.328125,24564.0,99.0,1.0,99.763,45.0,2685.0
157.06758269999955,24383.328125,24564.0,99.0,1.0,99.763,45.0,2685.0
157.1293072999997,24383.328125,24564.0,99.0,1.0,99.763,45.0,2685.0
157.19052080000074,24383.328125,24564.0,99.0,1.0,99.763,45.0,2685.0
157.2537487999998,24383.328125,24564.0,99.0,1.0,99.763,45.0,2685.0
157.31550330000027,24383.328125,24564.0,99.0,1.0,99.763,45.0,2685.0
157.37773480000033,24383.328125,24564.0,99.0,1.0,99.763,45.0,2685.0
157.43957520000004,24383.328125,24564.0,97.0,26.0,99.919,44.0,2685.0
157.50056740000036,24383.328125,24564.0,97.0,26.0,99.919,44.0,2685.0
157.56238230000054,24383.328125,24564.0,97.0,26.0,99.919,44.0,2685.0
157.6243570000006,24383.328125,24564.0,97.0,26.0,99.919,44.0,2685.0
157.68658490000053,24383.328125,24564.0,97.0,26.0,99.919,44.0,2685.0
157.7493943999998,24383.328125,24564.0,97.0,26.0,99.919,44.0,2685.0
157.8115467000007,24383.328125,24564.0,97.0,26.0,99.919,44.0,2685.0
157.87431660000038,24383.328125,24564.0,97.0,26.0,99.919,44.0,2685.0
157.93451090000053,24383.328125,24564.0,97.0,30.0,100.041,44.0,2685.0
157.99777600000016,24383.328125,24564.0,97.0,30.0,100.041,44.0,2685.0
158.05952679999973,24383.328125,24564.0,97.0,30.0,100.041,44.0,2685.0
158.1204856000004,24383.328125,24564.0,97.0,30.0,100.041,44.0,2685.0
158.18321500000093,24383.328125,24564.0,97.0,30.0,100.041,44.0,2685.0
158.24666090000028,24383.328125,24564.0,97.0,30.0,100.041,44.0,2685.0
158.30933259999983,24383.328125,24564.0,97.0,30.0,100.041,44.0,2685.0
158.37131860000045,24383.328125,24564.0,97.0,30.0,100.041,44.0,2685.0
158.4322417000003,24383.328125,24564.0,100.0,1.0,96.649,44.0,2685.0
158.4931493999993,24383.328125,24564.0,100.0,1.0,96.649,44.0,2685.0
158.55507620000026,24383.328125,24564.0,100.0,1.0,96.649,44.0,2685.0
158.61632909999935,24383.328125,24564.0,100.0,1.0,96.649,44.0,2685.0
158.6777204000009,24383.328125,24564.0,100.0,1.0,96.649,44.0,2685.0
158.7394774000004,24383.328125,24564.0,100.0,1.0,96.649,44.0,2685.0
158.8012020999995,24383.328125,24564.0,100.0,1.0,96.649,44.0,2685.0
158.86234780000086,24383.328125,24564.0,100.0,1.0,96.649,44.0,2685.0
158.9230196999997,24383.328125,24564.0,99.0,1.0,96.771,44.0,2685.0
158.9856935000007,24383.328125,24564.0,99.0,1.0,96.771,44.0,2685.0
159.0460196999993,24383.328125,24564.0,99.0,1.0,96.771,44.0,2685.0
159.10704559999976,24383.328125,24564.0,99.0,1.0,96.771,44.0,2685.0
159.1682589000011,24383.328125,24564.0,99.0,1.0,96.771,44.0,2685.0
159.2311363000008,24383.328125,24564.0,99.0,1.0,96.771,44.0,2685.0
159.29270680000081,24383.328125,24564.0,99.0,1.0,96.771,44.0,2685.0
159.3559110999995,24383.328125,24564.0,99.0,1.0,96.771,44.0,2685.0
159.4173294000011,24383.328125,24564.0,99.0,1.0,96.663,44.0,2685.0
159.47952910000095,24383.328125,24564.0,99.0,1.0,96.663,44.0,2685.0
159.54120130000047,24383.328125,24564.0,99.0,1.0,96.663,44.0,2685.0
159.6022928000002,24383.328125,24564.0,99.0,1.0,96.663,44.0,2685.0
159.6646323999994,24383.328125,24564.0,99.0,1.0,96.663,44.0,2685.0
159.72768600000018,24383.328125,24564.0,99.0,1.0,96.663,44.0,2685.0
159.7896510999999,24383.328125,24564.0,99.0,1.0,96.663,44.0,2685.0
159.85251880000033,24383.328125,24564.0,99.0,1.0,96.663,44.0,2685.0
159.9143236,24383.328125,24564.0,100.0,1.0,96.524,44.0,2685.0
159.97451680000086,24383.328125,24564.0,100.0,1.0,96.524,44.0,2685.0
160.03768839999975,24383.328125,24564.0,100.0,1.0,96.524,44.0,2685.0
160.09938800000054,24383.328125,24564.0,100.0,1.0,96.524,44.0,2685.0
160.16137519999938,24383.328125,24564.0,100.0,1.0,96.524,44.0,2685.0
160.22375400000055,24383.328125,24564.0,100.0,1.0,96.524,44.0,2685.0
160.28597059999993,24383.328125,24564.0,100.0,1.0,96.524,44.0,2685.0
160.34698820000085,24383.328125,24564.0,100.0,1.0,96.524,44.0,2685.0
160.40899630000058,24383.328125,24564.0,100.0,1.0,96.541,44.0,2685.0
160.47117830000025,24383.328125,24564.0,100.0,1.0,96.541,44.0,2685.0
160.53233619999992,24383.328125,24564.0,100.0,1.0,96.541,44.0,2685.0
160.59424410000065,24383.328125,24564.0,100.0,1.0,96.541,44.0,2685.0
160.65682949999973,24383.328125,24564.0,100.0,1.0,96.541,44.0,2685.0
160.71869739999966,24383.328125,24564.0,100.0,1.0,96.541,44.0,2685.0
160.7799498000004,24383.328125,24564.0,100.0,1.0,96.541,44.0,2685.0
160.84218929999952,24383.328125,24564.0,100.0,1.0,96.541,44.0,2685.0
160.90495680000095,24383.328125,24564.0,100.0,1.0,96.561,44.0,2685.0
160.96678600000087,24383.328125,24564.0,100.0,1.0,96.561,44.0,2685.0
161.02804330000072,24383.328125,24564.0,100.0,1.0,96.561,44.0,2685.0
161.09037050000006,24383.328125,24564.0,100.0,1.0,96.561,44.0,2685.0
161.15218880000066,24383.328125,24564.0,100.0,1.0,96.561,44.0,2685.0
161.21509739999965,24383.328125,24564.0,100.0,1.0,96.561,44.0,2685.0
161.27497700000094,24383.328125,24564.0,100.0,1.0,96.561,44.0,2685.0
161.33613400000104,24383.328125,24564.0,100.0,1.0,96.561,44.0,2685.0
161.39767329999995,24383.328125,24564.0,97.0,15.0,98.021,44.0,2685.0
161.46044559999973,24383.328125,24564.0,97.0,15.0,98.021,44.0,2685.0
161.52347519999967,24383.328125,24564.0,97.0,15.0,98.021,44.0,2685.0
161.58515520000037,24383.328125,24564.0,97.0,15.0,98.021,44.0,2685.0
161.64603859999988,24383.328125,24564.0,97.0,15.0,98.021,44.0,2685.0
161.7076524999993,24383.328125,24564.0,97.0,15.0,98.021,44.0,2685.0
161.76929480000035,24383.328125,24564.0,97.0,15.0,98.021,44.0,2685.0
161.8307523000003,24383.328125,24564.0,97.0,15.0,98.021,44.0,2685.0
161.89245090000077,24383.328125,24564.0,100.0,1.0,100.284,45.0,2685.0
161.954365900001,24383.328125,24564.0,100.0,1.0,100.284,45.0,2685.0
162.01572850000048,24383.328125,24564.0,100.0,1.0,100.284,45.0,2685.0
162.0780176999997,24383.328125,24564.0,100.0,1.0,100.284,45.0,2685.0
162.13944489999994,24383.328125,24564.0,100.0,1.0,100.284,45.0,2685.0
162.20224550000057,24383.328125,24564.0,100.0,1.0,100.284,45.0,2685.0
162.26435570000103,24383.328125,24564.0,100.0,1.0,100.284,45.0,2685.0
162.32683279999947,24383.328125,24564.0,100.0,1.0,100.284,45.0,2685.0
162.38908160000028,24383.328125,24564.0,98.0,28.0,100.285,45.0,2685.0
162.45040750000044,24383.328125,24564.0,98.0,28.0,100.285,45.0,2685.0
162.51104029999988,24383.328125,24564.0,98.0,28.0,100.285,45.0,2685.0
162.57374080000045,24383.328125,24564.0,98.0,28.0,100.285,45.0,2685.0
162.63553180000054,24383.328125,24564.0,98.0,28.0,100.285,45.0,2685.0
162.69771150000088,24383.328125,24564.0,98.0,28.0,100.285,45.0,2685.0
162.75957349999953,24383.328125,24564.0,98.0,28.0,100.285,45.0,2685.0
162.82224909999968,24383.328125,24564.0,98.0,28.0,100.285,45.0,2685.0
162.88463369999954,24383.328125,24564.0,98.0,28.0,100.285,45.0,2685.0
162.9464452000011,24383.328125,24564.0,97.0,28.0,100.248,44.0,2685.0
163.00878849999935,24383.328125,24564.0,97.0,28.0,100.248,44.0,2685.0
163.07152459999998,24383.328125,24564.0,97.0,28.0,100.248,44.0,2685.0
163.13433489999989,24383.328125,24564.0,97.0,28.0,100.248,44.0,2685.0
163.1952782999997,24383.328125,24564.0,97.0,28.0,100.248,44.0,2685.0
163.25687690000086,24383.328125,24564.0,97.0,28.0,100.248,44.0,2685.0
163.31807180000033,24383.328125,24564.0,97.0,28.0,100.248,44.0,2685.0
163.37887950000004,24383.328125,24564.0,97.0,28.0,100.248,44.0,2685.0
163.44223520000014,24383.328125,24564.0,100.0,1.0,100.229,44.0,2685.0
163.5057297000003,24383.328125,24564.0,100.0,1.0,100.229,44.0,2685.0
163.56792440000027,24383.328125,24564.0,100.0,1.0,100.229,44.0,2685.0
163.62968379999984,24383.328125,24564.0,100.0,1.0,100.229,44.0,2685.0
163.6914042999997,24383.328125,24564.0,100.0,1.0,100.229,44.0,2685.0
163.75311030000012,24383.328125,24564.0,100.0,1.0,100.229,44.0,2685.0
163.81373809999968,24383.328125,24564.0,100.0,1.0,100.229,44.0,2685.0
163.87714659999983,24383.328125,24564.0,100.0,1.0,100.229,44.0,2685.0
163.9375216999997,24383.328125,24564.0,99.0,8.0,97.369,44.0,2685.0
163.99817410000105,24383.328125,24564.0,99.0,8.0,97.369,44.0,2685.0
164.0579362999997,24383.328125,24564.0,99.0,8.0,97.369,44.0,2685.0
164.11987070000032,24383.328125,24564.0,99.0,8.0,97.369,44.0,2685.0
164.18220839999958,24383.328125,24564.0,99.0,8.0,97.369,44.0,2685.0
164.24496999999974,24383.328125,24564.0,99.0,8.0,97.369,44.0,2685.0
164.3070301000007,24383.328125,24564.0,99.0,8.0,97.369,44.0,2685.0
164.36870869999984,24383.328125,24564.0,99.0,8.0,97.369,44.0,2685.0
164.43046010000035,24383.328125,24564.0,100.0,1.0,96.775,44.0,2685.0
164.49126050000086,24383.328125,24564.0,100.0,1.0,96.775,44.0,2685.0
164.5531465999993,24383.328125,24564.0,100.0,1.0,96.775,44.0,2685.0
164.6156884000011,24383.328125,24564.0,100.0,1.0,96.775,44.0,2685.0
164.67738389999977,24383.328125,24564.0,100.0,1.0,96.775,44.0,2685.0
164.74017430000094,24383.328125,24564.0,100.0,1.0,96.775,44.0,2685.0
164.8023637999995,24383.328125,24564.0,100.0,1.0,96.775,44.0,2685.0
164.86294830000043,24383.328125,24564.0,100.0,1.0,96.775,44.0,2685.0
164.92581810000047,24383.328125,24564.0,100.0,1.0,96.669,44.0,2685.0
164.98689430000013,24383.328125,24564.0,100.0,1.0,96.669,44.0,2685.0
165.04949359999955,24383.328125,24564.0,100.0,1.0,96.669,44.0,2685.0
165.1108089999998,24383.328125,24564.0,100.0,1.0,96.669,44.0,2685.0
165.17367399999966,24383.328125,24564.0,100.0,1.0,96.669,44.0,2685.0
165.23595729999943,24383.328125,24564.0,100.0,1.0,96.669,44.0,2685.0
165.29783080000016,24383.328125,24564.0,100.0,1.0,96.669,44.0,2685.0
165.36066089999986,24383.328125,24564.0,100.0,1.0,96.669,44.0,2685.0
165.42244720000053,24383.328125,24564.0,100.0,1.0,96.471,44.0,2685.0
165.48413810000056,24383.328125,24564.0,100.0,1.0,96.471,44.0,2685.0
165.54534220000096,24383.328125,24564.0,100.0,1.0,96.471,44.0,2685.0
165.6076761000004,24383.328125,24564.0,100.0,1.0,96.471,44.0,2685.0
165.66960710000058,24383.328125,24564.0,100.0,1.0,96.471,44.0,2685.0
165.73253470000054,24383.328125,24564.0,100.0,1.0,96.471,44.0,2685.0
165.79462539999986,24383.328125,24564.0,100.0,1.0,96.471,44.0,2685.0
165.85698589999993,24383.328125,24564.0,100.0,1.0,96.471,44.0,2685.0
165.92018649999955,24383.328125,24564.0,100.0,1.0,96.211,44.0,2685.0
165.98131710000052,24383.328125,24564.0,100.0,1.0,96.211,44.0,2685.0
166.0439022999999,24383.328125,24564.0,100.0,1.0,96.211,44.0,2685.0
166.1056867999996,24383.328125,24564.0,100.0,1.0,96.211,44.0,2685.0
166.1675720000003,24383.328125,24564.0,100.0,1.0,96.211,44.0,2685.0
166.23133880000023,24383.328125,24564.0,100.0,1.0,96.211,44.0,2685.0
166.2938052999998,24383.328125,24564.0,100.0,1.0,96.211,44.0,2685.0
166.35698410000077,24383.328125,24564.0,100.0,1.0,96.211,44.0,2685.0
166.4188247000002,24383.328125,24564.0,100.0,1.0,96.089,44.0,2685.0
166.48112880000008,24383.328125,24564.0,100.0,1.0,96.089,44.0,2685.0
166.54346050000095,24383.328125,24564.0,100.0,1.0,96.089,44.0,2685.0
166.60459059999994,24383.328125,24564.0,100.0,1.0,96.089,44.0,2685.0
166.66590279999946,24383.328125,24564.0,100.0,1.0,96.089,44.0,2685.0
166.72612690000096,24383.328125,24564.0,100.0,1.0,96.089,44.0,2685.0
166.78768029999992,24383.328125,24564.0,100.0,1.0,96.089,44.0,2685.0
166.84949770000094,24383.328125,24564.0,100.0,1.0,96.089,44.0,2685.0
166.91154180000012,24383.328125,24564.0,100.0,1.0,99.062,44.0,2685.0
166.9742010000009,24383.328125,24564.0,100.0,1.0,99.062,44.0,2685.0
167.03680470000108,24383.328125,24564.0,100.0,1.0,99.062,44.0,2685.0
167.09747460000108,24383.328125,24564.0,100.0,1.0,99.062,44.0,2685.0
167.16068880000057,24383.328125,24564.0,100.0,1.0,99.062,44.0,2685.0
167.22323730000062,24383.328125,24564.0,100.0,1.0,99.062,44.0,2685.0
167.28453249999984,24383.328125,24564.0,100.0,1.0,99.062,44.0,2685.0
167.34787999999935,24383.328125,24564.0,100.0,1.0,99.062,44.0,2685.0
167.40967439999986,24383.328125,24564.0,97.0,30.0,99.515,45.0,2685.0
167.47284109999964,24383.328125,24564.0,97.0,30.0,99.515,45.0,2685.0
167.5350756000007,24383.328125,24564.0,97.0,30.0,99.515,45.0,2685.0
167.59591089999958,24383.328125,24564.0,97.0,30.0,99.515,45.0,2685.0
167.65725949999978,24383.328125,24564.0,97.0,30.0,99.515,45.0,2685.0
167.719635200001,24383.328125,24564.0,97.0,30.0,99.515,45.0,2685.0
167.78109620000032,24383.328125,24564.0,97.0,30.0,99.515,45.0,2685.0
167.84332390000054,24383.328125,24564.0,97.0,30.0,99.515,45.0,2685.0
167.90525650000018,24383.328125,24564.0,97.0,27.0,99.774,44.0,2685.0
167.96717610000087,24383.328125,24564.0,97.0,27.0,99.774,44.0,2685.0
168.02959080000073,24383.328125,24564.0,97.0,27.0,99.774,44.0,2685.0
168.09011370000007,24383.328125,24564.0,97.0,27.0,99.774,44.0,2685.0
168.15304629999991,24383.328125,24564.0,97.0,27.0,99.774,44.0,2685.0
168.21375910000097,24383.328125,24564.0,97.0,27.0,99.774,44.0,2685.0
168.27579809999952,24383.328125,24564.0,97.0,27.0,99.774,44.0,2685.0
168.33796380000058,24383.328125,24564.0,97.0,27.0,99.774,44.0,2685.0
168.40006879999964,24383.328125,24564.0,100.0,1.0,99.792,44.0,2685.0
168.46339380000063,24383.328125,24564.0,100.0,1.0,99.792,44.0,2685.0
168.52624730000025,24383.328125,24564.0,100.0,1.0,99.792,44.0,2685.0
168.58785259999968,24383.328125,24564.0,100.0,1.0,99.792,44.0,2685.0
168.64821479999955,24383.328125,24564.0,100.0,1.0,99.792,44.0,2685.0
168.71081820000109,24383.328125,24564.0,100.0,1.0,99.792,44.0,2685.0
168.77114830000028,24383.328125,24564.0,100.0,1.0,99.792,44.0,2685.0
168.83363160000044,24383.328125,24564.0,100.0,1.0,99.792,44.0,2685.0
168.89585629999965,24383.328125,24564.0,99.0,21.0,97.083,44.0,2685.0
168.9573349000002,24383.328125,24564.0,99.0,21.0,97.083,44.0,2685.0
169.01885630000106,24383.328125,24564.0,99.0,21.0,97.083,44.0,2685.0
169.08132040000055,24383.328125,24564.0,99.0,21.0,97.083,44.0,2685.0
169.14306559999932,24383.328125,24564.0,99.0,21.0,97.083,44.0,2685.0
169.20440380000036,24383.328125,24564.0,99.0,21.0,97.083,44.0,2685.0
169.26496340000085,24383.328125,24564.0,99.0,21.0,97.083,44.0,2685.0
169.32714099999976,24383.328125,24564.0,99.0,21.0,97.083,44.0,2685.0
169.38856859999942,24383.328125,24564.0,100.0,1.0,96.383,44.0,2685.0
169.45001570000022,24383.328125,24564.0,100.0,1.0,96.383,44.0,2685.0
169.51115740000023,24383.328125,24564.0,100.0,1.0,96.383,44.0,2685.0
169.57241539999995,24383.328125,24564.0,100.0,1.0,96.383,44.0,2685.0
169.6333969999996,24383.328125,24564.0,100.0,1.0,96.383,44.0,2685.0
169.69625649999944,24383.328125,24564.0,100.0,1.0,96.383,44.0,2685.0
169.7589540000008,24383.328125,24564.0,100.0,1.0,96.383,44.0,2685.0
169.81909900000028,24383.328125,24564.0,100.0,1.0,96.383,44.0,2685.0
169.88132779999978,24383.328125,24564.0,100.0,1.0,96.383,44.0,2685.0
169.94376480000028,24383.328125,24564.0,100.0,1.0,96.394,44.0,2685.0
170.0065367999996,24383.328125,24564.0,100.0,1.0,96.394,44.0,2685.0
170.0680623999997,24383.328125,24564.0,100.0,1.0,96.394,44.0,2685.0
170.12800290000087,24383.328125,24564.0,100.0,1.0,96.394,44.0,2685.0
170.18859780000093,24383.328125,24564.0,100.0,1.0,96.394,44.0,2685.0
170.25099109999974,24383.328125,24564.0,100.0,1.0,96.394,44.0,2685.0
170.31258290000005,24383.328125,24564.0,100.0,1.0,96.394,44.0,2685.0
170.37494100000004,24383.328125,24564.0,100.0,1.0,96.394,44.0,2685.0
170.43816759999936,24383.328125,24564.0,99.0,1.0,96.417,44.0,2685.0
170.50032269999974,24383.328125,24564.0,99.0,1.0,96.417,44.0,2685.0
170.56207650000033,24383.328125,24564.0,99.0,1.0,96.417,44.0,2685.0
170.62474330000077,24383.328125,24564.0,99.0,1.0,96.417,44.0,2685.0
170.68788900000072,24383.328125,24564.0,99.0,1.0,96.417,44.0,2685.0
170.7489268999998,24383.328125,24564.0,99.0,1.0,96.417,44.0,2685.0
170.81094889999986,24383.328125,24564.0,99.0,1.0,96.417,44.0,2685.0
170.8733675000003,24383.328125,24564.0,99.0,1.0,96.417,44.0,2685.0
170.93592669999998,24383.328125,24564.0,100.0,1.0,96.505,44.0,2685.0
170.99893300000076,24383.328125,24564.0,100.0,1.0,96.505,44.0,2685.0
171.06012949999968,24383.328125,24564.0,100.0,1.0,96.505,44.0,2685.0
171.1223986999994,24383.328125,24564.0,100.0,1.0,96.505,44.0,2685.0
171.18394649999937,24383.328125,24564.0,100.0,1.0,96.505,44.0,2685.0
171.24504010000055,24383.328125,24564.0,100.0,1.0,96.505,44.0,2685.0
171.30748889999995,24383.328125,24564.0,100.0,1.0,96.505,44.0,2685.0
171.36989220000032,24383.328125,24564.0,100.0,1.0,96.505,44.0,2685.0
171.43225279999933,24383.328125,24564.0,100.0,1.0,96.459,44.0,2685.0
171.4929422999994,24383.328125,24564.0,100.0,1.0,96.459,44.0,2685.0
171.5546355000006,24383.328125,24564.0,100.0,1.0,96.459,44.0,2685.0
171.61607209999966,24383.328125,24564.0,100.0,1.0,96.459,44.0,2685.0
171.6793034000002,24383.328125,24564.0,100.0,1.0,96.459,44.0,2685.0
171.74117130000013,24383.328125,24564.0,100.0,1.0,96.459,44.0,2685.0
171.80291430000034,24383.328125,24564.0,100.0,1.0,96.459,44.0,2685.0
171.8647345999998,24383.328125,24564.0,100.0,1.0,96.459,44.0,2685.0
171.92690709999988,24383.328125,24564.0,98.0,8.0,96.441,44.0,2685.0
171.98841300000095,24383.328125,24564.0,98.0,8.0,96.441,44.0,2685.0
172.05005789999996,24383.328125,24564.0,98.0,8.0,96.441,44.0,2685.0
172.11234499999955,24383.328125,24564.0,98.0,8.0,96.441,44.0,2685.0
172.1736638000002,24383.328125,24564.0,98.0,8.0,96.441,44.0,2685.0
172.23732779999955,24383.328125,24564.0,98.0,8.0,96.441,44.0,2685.0
172.29809130000103,24383.328125,24564.0,98.0,8.0,96.441,44.0,2685.0
172.35969660000046,24383.328125,24564.0,98.0,8.0,96.441,44.0,2685.0
172.42109399999936,24383.328125,24564.0,97.0,30.0,99.964,44.0,2685.0
172.4812124,24383.328125,24564.0,97.0,30.0,99.964,44.0,2685.0
172.54413829999976,24383.328125,24564.0,97.0,30.0,99.964,44.0,2685.0
172.60501789999944,24383.328125,24564.0,97.0,30.0,99.964,44.0,2685.0
172.6674767000004,24383.328125,24564.0,97.0,30.0,99.964,44.0,2685.0
172.72965750000003,24383.328125,24564.0,97.0,30.0,99.964,44.0,2685.0
172.79234240000005,24383.328125,24564.0,97.0,30.0,99.964,44.0,2685.0
172.85493080000015,24383.328125,24564.0,97.0,30.0,99.964,44.0,2685.0
172.9163064000004,24383.328125,24564.0,99.0,14.0,100.261,45.0,2685.0
172.97792409999965,24383.328125,24564.0,99.0,14.0,100.261,45.0,2685.0
173.03996279999956,24383.328125,24564.0,99.0,14.0,100.261,45.0,2685.0
173.10329509999974,24383.328125,24564.0,99.0,14.0,100.261,45.0,2685.0
173.16551020000043,24383.328125,24564.0,99.0,14.0,100.261,45.0,2685.0
173.22763470000064,24383.328125,24564.0,99.0,14.0,100.261,45.0,2685.0
173.2884938999996,24383.328125,24564.0,99.0,14.0,100.261,45.0,2685.0
173.34978000000046,24383.328125,24564.0,99.0,14.0,100.261,45.0,2685.0
173.4110567000007,24383.328125,24564.0,99.0,7.0,100.152,44.0,2685.0
173.47235790000013,24383.328125,24564.0,99.0,7.0,100.152,44.0,2685.0
173.53393630000028,24383.328125,24564.0,99.0,7.0,100.152,44.0,2685.0
173.5941767000004,24383.328125,24564.0,99.0,7.0,100.152,44.0,2685.0
173.6554200999999,24383.328125,24564.0,99.0,7.0,100.152,44.0,2685.0
173.71776429999954,24383.328125,24564.0,99.0,7.0,100.152,44.0,2685.0
173.77915270000085,24383.328125,24564.0,99.0,7.0,100.152,44.0,2685.0
173.84115779999956,24383.328125,24564.0,99.0,7.0,100.152,44.0,2685.0
173.90306910000072,24383.328125,24564.0,97.0,30.0,98.334,44.0,2685.0
173.96477950000008,24383.328125,24564.0,97.0,30.0,98.334,44.0,2685.0
174.02762500000063,24383.328125,24564.0,97.0,30.0,98.334,44.0,2685.0
174.08991269999933,24383.328125,24564.0,97.0,30.0,98.334,44.0,2685.0
174.1509975000008,24383.328125,24564.0,97.0,30.0,98.334,44.0,2685.0
174.21310000000085,24383.328125,24564.0,97.0,30.0,98.334,44.0,2685.0
174.2747722999993,24383.328125,24564.0,97.0,30.0,98.334,44.0,2685.0
174.3371588000009,24383.328125,24564.0,97.0,30.0,98.334,44.0,2685.0
174.39879760000076,24383.328125,24564.0,100.0,1.0,97.899,44.0,2685.0
174.4597647999999,24383.328125,24564.0,100.0,1.0,97.899,44.0,2685.0
174.5234574999995,24383.328125,24564.0,100.0,1.0,97.899,44.0,2685.0
174.58577800000057,24383.328125,24564.0,100.0,1.0,97.899,44.0,2685.0
174.64796530000058,24383.328125,24564.0,100.0,1.0,97.899,44.0,2685.0
174.709735800001,24383.328125,24564.0,100.0,1.0,97.899,44.0,2685.0
174.7722715,24383.328125,24564.0,100.0,1.0,97.899,44.0,2685.0
174.83297119999952,24383.328125,24564.0,100.0,1.0,97.899,44.0,2685.0
174.89442170000075,24383.328125,24564.0,100.0,1.0,96.177,44.0,2685.0
174.95530739999958,24383.328125,24564.0,100.0,1.0,96.177,44.0,2685.0
175.01705609999954,24383.328125,24564.0,100.0,1.0,96.177,44.0,2685.0
175.07820279999942,24383.328125,24564.0,100.0,1.0,96.177,44.0,2685.0
175.13869540000087,24383.328125,24564.0,100.0,1.0,96.177,44.0,2685.0
175.20100040000034,24383.328125,24564.0,100.0,1.0,96.177,44.0,2685.0
175.26164419999986,24383.328125,24564.0,100.0,1.0,96.177,44.0,2685.0
175.32398719999946,24383.328125,24564.0,100.0,1.0,96.177,44.0,2685.0
175.38780770000085,24383.328125,24564.0,100.0,1.0,96.389,44.0,2685.0
175.45002790000035,24383.328125,24564.0,100.0,1.0,96.389,44.0,2685.0
175.5119835000005,24383.328125,24564.0,100.0,1.0,96.389,44.0,2685.0
175.57499590000043,24383.328125,24564.0,100.0,1.0,96.389,44.0,2685.0
175.6359052000007,24383.328125,24564.0,100.0,1.0,96.389,44.0,2685.0
175.6980678,24383.328125,24564.0,100.0,1.0,96.389,44.0,2685.0
175.75972619999993,24383.328125,24564.0,100.0,1.0,96.389,44.0,2685.0
175.82225649999964,24383.328125,24564.0,100.0,1.0,96.389,44.0,2685.0
175.88314589999936,24383.328125,24564.0,100.0,1.0,96.389,44.0,2685.0
175.9450737999996,24383.328125,24564.0,100.0,1.0,96.626,44.0,2685.0
176.0078238999995,24383.328125,24564.0,100.0,1.0,96.626,44.0,2685.0
176.07006159999946,24383.328125,24564.0,100.0,1.0,96.626,44.0,2685.0
176.13234639999973,24383.328125,24564.0,100.0,1.0,96.626,44.0,2685.0
176.19382020000012,24383.328125,24564.0,100.0,1.0,96.626,44.0,2685.0
176.25496589999966,24383.328125,24564.0,100.0,1.0,96.626,44.0,2685.0
176.3178525000003,24383.328125,24564.0,100.0,1.0,96.626,44.0,2685.0
176.37902320000103,24383.328125,24564.0,100.0,1.0,96.626,44.0,2685.0
176.44231930000024,24383.328125,24564.0,100.0,1.0,96.614,44.0,2685.0
176.50485780000054,24383.328125,24564.0,100.0,1.0,96.614,44.0,2685.0
176.56569510000008,24383.328125,24564.0,100.0,1.0,96.614,44.0,2685.0
176.62741240000105,24383.328125,24564.0,100.0,1.0,96.614,44.0,2685.0
176.68978830000015,24383.328125,24564.0,100.0,1.0,96.614,44.0,2685.0
176.75253809999958,24383.328125,24564.0,100.0,1.0,96.614,44.0,2685.0
176.8142614999997,24383.328125,24564.0,100.0,1.0,96.614,44.0,2685.0
176.8758904999995,24383.328125,24564.0,100.0,1.0,96.614,44.0,2685.0
176.93771430000015,24383.328125,24564.0,100.0,1.0,96.709,44.0,2685.0
177.0002796000008,24383.328125,24564.0,100.0,1.0,96.709,44.0,2685.0
177.06340869999985,24383.328125,24564.0,100.0,1.0,96.709,44.0,2685.0
177.1251315999998,24383.328125,24564.0,100.0,1.0,96.709,44.0,2685.0
177.1863011000005,24383.328125,24564.0,100.0,1.0,96.709,44.0,2685.0
177.24833349999972,24383.328125,24564.0,100.0,1.0,96.709,44.0,2685.0
177.31004500000017,24383.328125,24564.0,100.0,1.0,96.709,44.0,2685.0
177.37221390000013,24383.328125,24564.0,100.0,1.0,96.709,44.0,2685.0
177.43229679999968,24383.328125,24564.0,97.0,30.0,100.064,44.0,2685.0
177.4938473000002,24383.328125,24564.0,97.0,30.0,100.064,44.0,2685.0
177.5545648999996,24383.328125,24564.0,97.0,30.0,100.064,44.0,2685.0
177.61572370000067,24383.328125,24564.0,97.0,30.0,100.064,44.0,2685.0
177.6780787000007,24383.328125,24564.0,97.0,30.0,100.064,44.0,2685.0
177.73991980000028,24383.328125,24564.0,97.0,30.0,100.064,44.0,2685.0
177.8001475000001,24383.328125,24564.0,97.0,30.0,100.064,44.0,2685.0
177.86155569999937,24383.328125,24564.0,97.0,30.0,100.064,44.0,2685.0
177.9230220999998,24383.328125,24564.0,100.0,13.0,100.089,45.0,2685.0
177.98434649999945,24383.328125,24564.0,100.0,13.0,100.089,45.0,2685.0
178.04601060000095,24383.328125,24564.0,100.0,13.0,100.089,45.0,2685.0
178.10706299999947,24383.328125,24564.0,100.0,13.0,100.089,45.0,2685.0
178.16738000000078,24383.328125,24564.0,100.0,13.0,100.089,45.0,2685.0
178.22915149999972,24383.328125,24564.0,100.0,13.0,100.089,45.0,2685.0
178.29067870000108,24383.328125,24564.0,100.0,13.0,100.089,45.0,2685.0
178.35242930000095,24383.328125,24564.0,100.0,13.0,100.089,45.0,2685.0
178.41476130000046,24383.328125,24564.0,100.0,1.0,99.944,44.0,2685.0
178.4767967000007,24383.328125,24564.0,100.0,1.0,99.944,44.0,2685.0
178.53894240000045,24383.328125,24564.0,100.0,1.0,99.944,44.0,2685.0
178.60023170000022,24383.328125,24564.0,100.0,1.0,99.944,44.0,2685.0
178.66234059999988,24383.328125,24564.0,100.0,1.0,99.944,44.0,2685.0
178.72562579999976,24383.328125,24564.0,100.0,1.0,99.944,44.0,2685.0
178.78741590000027,24383.328125,24564.0,100.0,1.0,99.944,44.0,2685.0
178.8480178000009,24383.328125,24564.0,100.0,1.0,99.944,44.0,2685.0
178.90882609999971,24383.328125,24564.0,99.0,23.0,98.377,44.0,2685.0
178.9699911000007,24383.328125,24564.0,99.0,23.0,98.377,44.0,2685.0
179.03136240000094,24383.328125,24564.0,99.0,23.0,98.377,44.0,2685.0
179.09350330000052,24383.328125,24564.0,99.0,23.0,98.377,44.0,2685.0
179.15585900000042,24383.328125,24564.0,99.0,23.0,98.377,44.0,2685.0
179.21744390000094,24383.328125,24564.0,99.0,23.0,98.377,44.0,2685.0
179.2801668000011,24383.328125,24564.0,99.0,23.0,98.377,44.0,2685.0
179.34163629999966,24383.328125,24564.0,99.0,23.0,98.377,44.0,2685.0
179.40276190000077,24383.328125,24564.0,100.0,1.0,96.699,44.0,2685.0
179.46498910000082,24383.328125,24564.0,100.0,1.0,96.699,44.0,2685.0
179.5265801000005,24383.328125,24564.0,100.0,1.0,96.699,44.0,2685.0
179.58801309999944,24383.328125,24564.0,100.0,1.0,96.699,44.0,2685.0
179.65076620000036,24383.328125,24564.0,100.0,1.0,96.699,44.0,2685.0
179.71353140000065,24383.328125,24564.0,100.0,1.0,96.699,44.0,2685.0
179.77524269999958,24383.328125,24564.0,100.0,1.0,96.699,44.0,2685.0
179.83720089999952,24383.328125,24564.0,100.0,1.0,96.699,44.0,2685.0
179.8990235000001,24383.328125,24564.0,100.0,1.0,96.552,44.0,2685.0
179.9601421999996,24383.328125,24564.0,100.0,1.0,96.552,44.0,2685.0
180.02238000000034,24383.328125,24564.0,100.0,1.0,96.552,44.0,2685.0
180.08226060000015,24383.328125,24564.0,100.0,1.0,96.552,44.0,2685.0
180.14285000000018,24383.328125,24564.0,100.0,1.0,96.552,44.0,2685.0
180.20396360000086,24383.328125,24564.0,100.0,1.0,96.552,44.0,2685.0
180.26618700000108,24383.328125,24564.0,100.0,1.0,96.552,44.0,2685.0
180.3270391999995,24383.328125,24564.0,100.0,1.0,96.552,44.0,2685.0
180.38790359999985,24383.328125,24564.0,100.0,1.0,96.303,44.0,2685.0
180.45012339999994,24383.328125,24564.0,100.0,1.0,96.303,44.0,2685.0
180.51227830000062,24383.328125,24564.0,100.0,1.0,96.303,44.0,2685.0
180.57328939999934,24383.328125,24564.0,100.0,1.0,96.303,44.0,2685.0
180.6352879999995,24383.328125,24564.0,100.0,1.0,96.303,44.0,2685.0
180.69611930000065,24383.328125,24564.0,100.0,1.0,96.303,44.0,2685.0
180.75719159999971,24383.328125,24564.0,100.0,1.0,96.303,44.0,2685.0
180.81802849999985,24383.328125,24564.0,100.0,1.0,96.303,44.0,2685.0
180.88005370000064,24383.328125,24564.0,100.0,1.0,96.303,44.0,2685.0
180.9423850000003,24383.328125,24564.0,100.0,1.0,96.376,44.0,2685.0
181.00358849999975,24383.328125,24564.0,100.0,1.0,96.376,44.0,2685.0
181.0659185000004,24383.328125,24564.0,100.0,1.0,96.376,44.0,2685.0
181.12825209999937,24383.328125,24564.0,100.0,1.0,96.376,44.0,2685.0
181.18975390000014,24383.328125,24564.0,100.0,1.0,96.376,44.0,2685.0
181.2531854000008,24383.328125,24564.0,100.0,1.0,96.376,44.0,2685.0
181.3159323,24383.328125,24564.0,100.0,1.0,96.376,44.0,2685.0
181.37608589999945,24383.328125,24564.0,100.0,1.0,96.376,44.0,2685.0
181.43935629999942,24383.328125,24564.0,100.0,1.0,96.507,44.0,2685.0
181.50016529999994,24383.328125,24564.0,100.0,1.0,96.507,44.0,2685.0
181.56247350000012,24383.328125,24564.0,100.0,1.0,96.507,44.0,2685.0
181.62365259999933,24383.328125,24564.0,100.0,1.0,96.507,44.0,2685.0
181.68545099999938,24383.328125,24564.0,100.0,1.0,96.507,44.0,2685.0
181.74602700000105,24383.328125,24564.0,100.0,1.0,96.507,44.0,2685.0
181.80710920000092,24383.328125,24564.0,100.0,1.0,96.507,44.0,2685.0
181.86889510000037,24383.328125,24564.0,100.0,1.0,96.507,44.0,2685.0
181.92986829999973,24383.328125,24564.0,97.0,20.0,98.592,44.0,2685.0
181.99330960000043,24383.328125,24564.0,97.0,20.0,98.592,44.0,2685.0
182.05514140000014,24383.328125,24564.0,97.0,20.0,98.592,44.0,2685.0
182.11580890000005,24383.328125,24564.0,97.0,20.0,98.592,44.0,2685.0
182.1779093999994,24383.328125,24564.0,97.0,20.0,98.592,44.0,2685.0
182.24024129999998,24383.328125,24564.0,97.0,20.0,98.592,44.0,2685.0
182.30246710000029,24383.328125,24564.0,97.0,20.0,98.592,44.0,2685.0
182.3644664000003,24383.328125,24564.0,97.0,20.0,98.592,44.0,2685.0
182.42527770000015,24383.328125,24564.0,96.0,30.0,99.913,45.0,2685.0
182.48708360000091,24383.328125,24564.0,96.0,30.0,99.913,45.0,2685.0
182.54804830000103,24383.328125,24564.0,96.0,30.0,99.913,45.0,2685.0
182.60868090000076,24383.328125,24564.0,96.0,30.0,99.913,45.0,2685.0
182.6700675000011,24383.328125,24564.0,96.0,30.0,99.913,45.0,2685.0
182.7298654999995,24383.328125,24564.0,96.0,30.0,99.913,45.0,2685.0
182.7916667999998,24383.328125,24564.0,96.0,30.0,99.913,45.0,2685.0
182.85393529999965,24383.328125,24564.0,96.0,30.0,99.913,45.0,2685.0
182.91586149999966,24383.328125,24564.0,99.0,19.0,99.825,45.0,2685.0
182.97872819999975,24383.328125,24564.0,99.0,19.0,99.825,45.0,2685.0
183.0399054999998,24383.328125,24564.0,99.0,19.0,99.825,45.0,2685.0
183.10008430000016,24383.328125,24564.0,99.0,19.0,99.825,45.0,2685.0
183.15991919999942,24383.328125,24564.0,99.0,19.0,99.825,45.0,2685.0
183.2211454999997,24383.328125,24564.0,99.0,19.0,99.825,45.0,2685.0
183.2833967000006,24383.328125,24564.0,99.0,19.0,99.825,45.0,2685.0
183.34586990000025,24383.328125,24564.0,99.0,19.0,99.825,45.0,2685.0
183.40586919999987,24383.328125,24564.0,100.0,1.0,99.783,44.0,2685.0
183.46708260000014,24383.328125,24564.0,100.0,1.0,99.783,44.0,2685.0
183.52807960000064,24383.328125,24564.0,100.0,1.0,99.783,44.0,2685.0
183.5890786,24383.328125,24564.0,100.0,1.0,99.783,44.0,2685.0
183.65115820000028,24383.328125,24564.0,100.0,1.0,99.783,44.0,2685.0
183.71206970000094,24383.328125,24564.0,100.0,1.0,99.783,44.0,2685.0
183.77226350000092,24383.328125,24564.0,100.0,1.0,99.783,44.0,2685.0
183.83454019999954,24383.328125,24564.0,100.0,1.0,99.783,44.0,2685.0
183.89616580000074,24383.328125,24564.0,100.0,1.0,98.89,44.0,2685.0
183.95684360000087,24383.328125,24564.0,100.0,1.0,98.89,44.0,2685.0
184.0178063000003,24383.328125,24564.0,100.0,1.0,98.89,44.0,2685.0
184.07796290000078,24383.328125,24564.0,100.0,1.0,98.89,44.0,2685.0
184.13988470000004,24383.328125,24564.0,100.0,1.0,98.89,44.0,2685.0
184.20138140000017,24383.328125,24564.0,100.0,1.0,98.89,44.0,2685.0
184.26213629999984,24383.328125,24564.0,100.0,1.0,98.89,44.0,2685.0
184.32482600000003,24383.328125,24564.0,100.0,1.0,98.89,44.0,2685.0
184.38676210000085,24383.328125,24564.0,100.0,1.0,98.89,44.0,2685.0
184.44790230000035,24383.328125,24564.0,100.0,1.0,96.433,44.0,2685.0
184.50966379999954,24383.328125,24564.0,100.0,1.0,96.433,44.0,2685.0
184.57123909999973,24383.328125,24564.0,100.0,1.0,96.433,44.0,2685.0
184.6321339999995,24383.328125,24564.0,100.0,1.0,96.433,44.0,2685.0
184.69231600000057,24383.328125,24564.0,100.0,1.0,96.433,44.0,2685.0
184.7540939999999,24383.328125,24564.0,100.0,1.0,96.433,44.0,2685.0
184.81581949999963,24383.328125,24564.0,100.0,1.0,96.433,44.0,2685.0
184.8768600000003,24383.328125,24564.0,100.0,1.0,96.433,44.0,2685.0
184.93992199999957,24383.328125,24564.0,100.0,1.0,96.426,44.0,2685.0
185.00032610000017,24383.328125,24564.0,100.0,1.0,96.426,44.0,2685.0
185.06319280000025,24383.328125,24564.0,100.0,1.0,96.426,44.0,2685.0
185.12464670000008,24383.328125,24564.0,100.0,1.0,96.426,44.0,2685.0
185.18787890000021,24383.328125,24564.0,100.0,1.0,96.426,44.0,2685.0
185.2500560999997,24383.328125,24564.0,100.0,1.0,96.426,44.0,2685.0
185.31101300000046,24383.328125,24564.0,100.0,1.0,96.426,44.0,2685.0
185.37227189999976,24383.328125,24564.0,100.0,1.0,96.426,44.0,2685.0
185.43401749999975,24383.328125,24564.0,100.0,1.0,96.483,44.0,2685.0
185.49617399999988,24383.328125,24564.0,100.0,1.0,96.483,44.0,2685.0
185.56001219999962,24383.328125,24564.0,100.0,1.0,96.483,44.0,2685.0
185.62213470000097,24383.328125,24564.0,100.0,1.0,96.483,44.0,2685.0
185.68294819999937,24383.328125,24564.0,100.0,1.0,96.483,44.0,2685.0
185.74490739999965,24383.328125,24564.0,100.0,1.0,96.483,44.0,2685.0
185.80703209999956,24383.328125,24564.0,100.0,1.0,96.483,44.0,2685.0
185.86693299999934,24383.328125,24564.0,100.0,1.0,96.483,44.0,2685.0
185.92775690000053,24383.328125,24564.0,99.0,1.0,96.542,44.0,2685.0
185.98994230000062,24383.328125,24564.0,99.0,1.0,96.542,44.0,2685.0
186.0511461999995,24383.328125,24564.0,99.0,1.0,96.542,44.0,2685.0
186.11212999999952,24383.328125,24564.0,99.0,1.0,96.542,44.0,2685.0
186.1723490000004,24383.328125,24564.0,99.0,1.0,96.542,44.0,2685.0
186.23254500000075,24383.328125,24564.0,99.0,1.0,96.542,44.0,2685.0
186.29311939999934,24383.328125,24564.0,99.0,1.0,96.542,44.0,2685.0
186.3552748000002,24383.328125,24564.0,99.0,1.0,96.542,44.0,2685.0
186.41856670000016,24383.328125,24564.0,97.0,28.0,99.224,44.0,2685.0
186.48149740000008,24383.328125,24564.0,97.0,28.0,99.224,44.0,2685.0
186.54223230000025,24383.328125,24564.0,97.0,28.0,99.224,44.0,2685.0
186.60315020000053,24383.328125,24564.0,97.0,28.0,99.224,44.0,2685.0
186.6632542999996,24383.328125,24564.0,97.0,28.0,99.224,44.0,2685.0
186.72417450000103,24383.328125,24564.0,97.0,28.0,99.224,44.0,2685.0
186.78523979999954,24383.328125,24564.0,97.0,28.0,99.224,44.0,2685.0
186.84634499999993,24383.328125,24564.0,97.0,28.0,99.224,44.0,2685.0
186.90706379999938,24383.328125,24564.0,99.0,22.0,99.766,45.0,2685.0
186.97000040000057,24383.328125,24564.0,99.0,22.0,99.766,45.0,2685.0
187.0301481000006,24383.328125,24564.0,99.0,22.0,99.766,45.0,2685.0
187.0912810000009,24383.328125,24564.0,99.0,22.0,99.766,45.0,2685.0
187.15392030000112,24383.328125,24564.0,99.0,22.0,99.766,45.0,2685.0
187.21605140000065,24383.328125,24564.0,99.0,22.0,99.766,45.0,2685.0
187.27737700000034,24383.328125,24564.0,99.0,22.0,99.766,45.0,2685.0
187.33921120000014,24383.328125,24564.0,99.0,22.0,99.766,45.0,2685.0
187.40019159999974,24383.328125,24564.0,100.0,1.0,99.796,44.0,2685.0
187.4625546999996,24383.328125,24564.0,100.0,1.0,99.796,44.0,2685.0
187.52589070000067,24383.328125,24564.0,100.0,1.0,99.796,44.0,2685.0
187.58656800000063,24383.328125,24564.0,100.0,1.0,99.796,44.0,2685.0
187.64785660000052,24383.328125,24564.0,100.0,1.0,99.796,44.0,2685.0
187.71017630000097,24383.328125,24564.0,100.0,1.0,99.796,44.0,2685.0
187.7725821999993,24383.328125,24564.0,100.0,1.0,99.796,44.0,2685.0
187.83321419999993,24383.328125,24564.0,100.0,1.0,99.796,44.0,2685.0
187.89461130000018,24383.328125,24564.0,100.0,1.0,99.769,44.0,2685.0
187.95721159999994,24383.328125,24564.0,100.0,1.0,99.769,44.0,2685.0
188.01895590000095,24383.328125,24564.0,100.0,1.0,99.769,44.0,2685.0
188.07921569999962,24383.328125,24564.0,100.0,1.0,99.769,44.0,2685.0
188.1420403000011,24383.328125,24564.0,100.0,1.0,99.769,44.0,2685.0
188.2042147000011,24383.328125,24564.0,100.0,1.0,99.769,44.0,2685.0
188.26500149999993,24383.328125,24564.0,100.0,1.0,99.769,44.0,2685.0
188.32515989999956,24383.328125,24564.0,100.0,1.0,99.769,44.0,2685.0
188.38504250000005,24383.328125,24564.0,100.0,1.0,99.769,44.0,2685.0
188.4458928999993,24383.328125,24564.0,100.0,1.0,96.519,44.0,2685.0
188.50801390000015,24383.328125,24564.0,100.0,1.0,96.519,44.0,2685.0
188.57057279999935,24383.328125,24564.0,100.0,1.0,96.519,44.0,2685.0
188.63240419999966,24383.328125,24564.0,100.0,1.0,96.519,44.0,2685.0
188.69432659999984,24383.328125,24564.0,100.0,1.0,96.519,44.0,2685.0
188.75619109999934,24383.328125,24564.0,100.0,1.0,96.519,44.0,2685.0
188.81799010000032,24383.328125,24564.0,100.0,1.0,96.519,44.0,2685.0
188.87836609999977,24383.328125,24564.0,100.0,1.0,96.519,44.0,2685.0
188.94030870000097,24383.328125,24564.0,100.0,1.0,96.467,44.0,2685.0
189.00221670000064,24383.328125,24564.0,100.0,1.0,96.467,44.0,2685.0
189.06329490000098,24383.328125,24564.0,100.0,1.0,96.467,44.0,2685.0
189.1254387000008,24383.328125,24564.0,100.0,1.0,96.467,44.0,2685.0
189.18731730000036,24383.328125,24564.0,100.0,1.0,96.467,44.0,2685.0
189.24983939999947,24383.328125,24564.0,100.0,1.0,96.467,44.0,2685.0
189.3124914,24383.328125,24564.0,100.0,1.0,96.467,44.0,2685.0
189.3736217000005,24383.328125,24564.0,100.0,1.0,96.467,44.0,2685.0
189.43530830000054,24383.328125,24564.0,100.0,1.0,96.476,44.0,2685.0
189.49726639999972,24383.328125,24564.0,100.0,1.0,96.476,44.0,2685.0
189.55899959999988,24383.328125,24564.0,100.0,1.0,96.476,44.0,2685.0
189.62085620000107,24383.328125,24564.0,100.0,1.0,96.476,44.0,2685.0
189.68220409999958,24383.328125,24564.0,100.0,1.0,96.476,44.0,2685.0
189.74359790000017,24383.328125,24564.0,100.0,1.0,96.476,44.0,2685.0
189.80603150000024,24383.328125,24564.0,100.0,1.0,96.476,44.0,2685.0
189.86720330000026,24383.328125,24564.0,100.0,1.0,96.476,44.0,2685.0
189.9303233999999,24383.328125,24564.0,100.0,1.0,96.363,44.0,2685.0
189.9921849000002,24383.328125,24564.0,100.0,1.0,96.363,44.0,2685.0
190.05299139999988,24383.328125,24564.0,100.0,1.0,96.363,44.0,2685.0
190.1160183000011,24383.328125,24564.0,100.0,1.0,96.363,44.0,2685.0
190.17626440000095,24383.328125,24564.0,100.0,1.0,96.363,44.0,2685.0
190.23879040000065,24383.328125,24564.0,100.0,1.0,96.363,44.0,2685.0
190.29916650000087,24383.328125,24564.0,100.0,1.0,96.363,44.0,2685.0
190.3615133000003,24383.328125,24564.0,100.0,1.0,96.363,44.0,2685.0
190.42222670000046,24383.328125,24564.0,100.0,1.0,96.094,44.0,2685.0
190.48514930000056,24383.328125,24564.0,100.0,1.0,96.094,44.0,2685.0
190.54596599999968,24383.328125,24564.0,100.0,1.0,96.094,44.0,2685.0
190.6079695999997,24383.328125,24564.0,100.0,1.0,96.094,44.0,2685.0
190.67150949999996,24383.328125,24564.0,100.0,1.0,96.094,44.0,2685.0
190.73327840000093,24383.328125,24564.0,100.0,1.0,96.094,44.0,2685.0
190.79495920000045,24383.328125,24564.0,100.0,1.0,96.094,44.0,2685.0
190.85730680000052,24383.328125,24564.0,100.0,1.0,96.094,44.0,2685.0
190.91830429999936,24383.328125,24564.0,98.0,11.0,96.778,44.0,2685.0
190.9800677000003,24383.328125,24564.0,98.0,11.0,96.778,44.0,2685.0
191.0413427000003,24383.328125,24564.0,98.0,11.0,96.778,44.0,2685.0
191.10234619999937,24383.328125,24564.0,98.0,11.0,96.778,44.0,2685.0
191.1640109,24383.328125,24564.0,98.0,11.0,96.778,44.0,2685.0
191.2262709000006,24383.328125,24564.0,98.0,11.0,96.778,44.0,2685.0
191.28748129999985,24383.328125,24564.0,98.0,11.0,96.778,44.0,2685.0
191.35024040000098,24383.328125,24564.0,98.0,11.0,96.778,44.0,2685.0
191.41261570000097,24383.328125,24564.0,97.0,30.0,99.745,44.0,2685.0
191.47603470000104,24383.328125,24564.0,97.0,30.0,99.745,44.0,2685.0
191.5372385999999,24383.328125,24564.0,97.0,30.0,99.745,44.0,2685.0
191.59791210000003,24383.328125,24564.0,97.0,30.0,99.745,44.0,2685.0
191.65824659999998,24383.328125,24564.0,97.0,30.0,99.745,44.0,2685.0
191.72009009999965,24383.328125,24564.0,97.0,30.0,99.745,44.0,2685.0
191.78230170000097,24383.328125,24564.0,97.0,30.0,99.745,44.0,2685.0
191.84495330000027,24383.328125,24564.0,97.0,30.0,99.745,44.0,2685.0
191.9058610000011,24383.328125,24564.0,98.0,17.0,99.877,45.0,2685.0
191.96853080000074,24383.328125,24564.0,98.0,17.0,99.877,45.0,2685.0
192.0302616000008,24383.328125,24564.0,98.0,17.0,99.877,45.0,2685.0
192.09101050000027,24383.328125,24564.0,98.0,17.0,99.877,45.0,2685.0
192.1523500000003,24383.328125,24564.0,98.0,17.0,99.877,45.0,2685.0
192.21291650000057,24383.328125,24564.0,98.0,17.0,99.877,45.0,2685.0
192.2737932,24383.328125,24564.0,98.0,17.0,99.877,45.0,2685.0
192.33609050000086,24383.328125,24564.0,98.0,17.0,99.877,45.0,2685.0
192.39761700000054,24383.328125,24564.0,100.0,1.0,100.056,44.0,2685.0
192.4604603000007,24383.328125,24564.0,100.0,1.0,100.056,44.0,2685.0
192.52211960000022,24383.328125,24564.0,100.0,1.0,100.056,44.0,2685.0
192.58302340000046,24383.328125,24564.0,100.0,1.0,100.056,44.0,2685.0
192.64414750000105,24383.328125,24564.0,100.0,1.0,100.056,44.0,2685.0
192.7051401000008,24383.328125,24564.0,100.0,1.0,100.056,44.0,2685.0
192.76586940000016,24383.328125,24564.0,100.0,1.0,100.056,44.0,2685.0
192.82705709999937,24383.328125,24564.0,100.0,1.0,100.056,44.0,2685.0
192.88890379999975,24383.328125,24564.0,100.0,1.0,99.184,44.0,2685.0
192.9520324999994,24383.328125,24564.0,100.0,1.0,99.184,44.0,2685.0
193.01336590000028,24383.328125,24564.0,100.0,1.0,99.184,44.0,2685.0
193.0740568000001,24383.328125,24564.0,100.0,1.0,99.184,44.0,2685.0
193.13637089999975,24383.328125,24564.0,100.0,1.0,99.184,44.0,2685.0
193.19720330000018,24383.328125,24564.0,100.0,1.0,99.184,44.0,2685.0
193.25839799999994,24383.328125,24564.0,100.0,1.0,99.184,44.0,2685.0
193.3203209000003,24383.328125,24564.0,100.0,1.0,99.184,44.0,2685.0
193.38231649999943,24383.328125,24564.0,100.0,1.0,99.184,44.0,2685.0
193.4432412999995,24383.328125,24564.0,99.0,1.0,96.644,44.0,2685.0
193.5061544,24383.328125,24564.0,99.0,1.0,96.644,44.0,2685.0
193.56798920000074,24383.328125,24564.0,99.0,1.0,96.644,44.0,2685.0
193.6312582999999,24383.328125,24564.0,99.0,1.0,96.644,44.0,2685.0
193.69303450000007,24383.328125,24564.0,99.0,1.0,96.644,44.0,2685.0
193.75491379999949,24383.328125,24564.0,99.0,1.0,96.644,44.0,2685.0
193.81594039999982,24383.328125,24564.0,99.0,1.0,96.644,44.0,2685.0
193.87727860000086,24383.328125,24564.0,99.0,1.0,96.644,44.0,2685.0
193.93888440000046,24383.328125,24564.0,100.0,1.0,96.502,44.0,2685.0
194.0009812999997,24383.328125,24564.0,100.0,1.0,96.502,44.0,2685.0
194.0621530999997,24383.328125,24564.0,100.0,1.0,96.502,44.0,2685.0
194.1235613000008,24383.328125,24564.0,100.0,1.0,96.502,44.0,2685.0
194.18465540000034,24383.328125,24564.0,100.0,1.0,96.502,44.0,2685.0
194.24725670000043,24383.328125,24564.0,100.0,1.0,96.502,44.0,2685.0
194.3091817000004,24383.328125,24564.0,100.0,1.0,96.502,44.0,2685.0
194.37195509999947,24383.328125,24564.0,100.0,1.0,96.502,44.0,2685.0
194.43317829999978,24383.328125,24564.0,100.0,1.0,96.487,44.0,2685.0
194.493458500001,24383.328125,24564.0,100.0,1.0,96.487,44.0,2685.0
194.55413020000015,24383.328125,24564.0,100.0,1.0,96.487,44.0,2685.0
194.61435019999954,24383.328125,24564.0,100.0,1.0,96.487,44.0,2685.0
194.67596790000061,24383.328125,24564.0,100.0,1.0,96.487,44.0,2685.0
194.73783270000058,24383.328125,24564.0,100.0,1.0,96.487,44.0,2685.0
194.79912549999972,24383.328125,24564.0,100.0,1.0,96.487,44.0,2685.0
194.86042160000034,24383.328125,24564.0,100.0,1.0,96.487,44.0,2685.0
194.92259229999945,24383.328125,24564.0,100.0,1.0,96.414,44.0,2685.0
194.9830533000004,24383.328125,24564.0,100.0,1.0,96.414,44.0,2685.0
195.04316260000087,24383.328125,24564.0,100.0,1.0,96.414,44.0,2685.0
195.10414780000065,24383.328125,24564.0,100.0,1.0,96.414,44.0,2685.0
195.16596879999997,24383.328125,24564.0,100.0,1.0,96.414,44.0,2685.0
195.2282004000008,24383.328125,24564.0,100.0,1.0,96.414,44.0,2685.0
195.2896978000008,24383.328125,24564.0,100.0,1.0,96.414,44.0,2685.0
195.35099629999968,24383.328125,24564.0,100.0,1.0,96.414,44.0,2685.0
195.41244969999934,24383.328125,24564.0,98.0,3.0,96.563,44.0,2685.0
195.47300440000072,24383.328125,24564.0,98.0,3.0,96.563,44.0,2685.0
195.53426870000112,24383.328125,24564.0,98.0,3.0,96.563,44.0,2685.0
195.59480020000046,24383.328125,24564.0,98.0,3.0,96.563,44.0,2685.0
195.6578601000001,24383.328125,24564.0,98.0,3.0,96.563,44.0,2685.0
195.72019200000068,24383.328125,24564.0,98.0,3.0,96.563,44.0,2685.0
195.78049660000033,24383.328125,24564.0,98.0,3.0,96.563,44.0,2685.0
195.84101320000082,24383.328125,24564.0,98.0,3.0,96.563,44.0,2685.0
195.90201390000038,24383.328125,24564.0,97.0,27.0,99.753,44.0,2685.0
195.9631358000006,24383.328125,24564.0,97.0,27.0,99.753,44.0,2685.0
196.02371119999952,24383.328125,24564.0,97.0,27.0,99.753,44.0,2685.0
196.08580400000028,24383.328125,24564.0,97.0,27.0,99.753,44.0,2685.0
196.1473829000006,24383.328125,24564.0,97.0,27.0,99.753,44.0,2685.0
196.2094677999994,24383.328125,24564.0,97.0,27.0,99.753,44.0,2685.0
196.2701244,24383.328125,24564.0,97.0,27.0,99.753,44.0,2685.0
196.33248450000065,24383.328125,24564.0,97.0,27.0,99.753,44.0,2685.0
196.39507080000112,24383.328125,24564.0,99.0,21.0,99.918,45.0,2685.0
196.45626839999932,24383.328125,24564.0,99.0,21.0,99.918,45.0,2685.0
196.51721550000002,24383.328125,24564.0,99.0,21.0,99.918,45.0,2685.0
196.57794230000036,24383.328125,24564.0,99.0,21.0,99.918,45.0,2685.0
196.64006970000082,24383.328125,24564.0,99.0,21.0,99.918,45.0,2685.0
196.70124000000033,24383.328125,24564.0,99.0,21.0,99.918,45.0,2685.0
196.76223560000108,24383.328125,24564.0,99.0,21.0,99.918,45.0,2685.0
196.82300840000062,24383.328125,24564.0,99.0,21.0,99.918,45.0,2685.0
196.8841637000005,24383.328125,24564.0,99.0,21.0,99.918,45.0,2685.0
196.94540620000043,24383.328125,24564.0,99.0,19.0,99.944,45.0,2685.0
197.00613870000052,24383.328125,24564.0,99.0,19.0,99.944,45.0,2685.0
197.0679583000001,24383.328125,24564.0,99.0,19.0,99.944,45.0,2685.0
197.12909209999998,24383.328125,24564.0,99.0,19.0,99.944,45.0,2685.0
197.18993299999966,24383.328125,24564.0,99.0,19.0,99.944,45.0,2685.0
197.24989389999973,24383.328125,24564.0,99.0,19.0,99.944,45.0,2685.0
197.31030520000058,24383.328125,24564.0,99.0,19.0,99.944,45.0,2685.0
197.3720744000002,24383.328125,24564.0,99.0,19.0,99.944,45.0,2685.0
197.4362512000007,24383.328125,24564.0,100.0,1.0,99.786,44.0,2685.0
197.49860099999933,24383.328125,24564.0,100.0,1.0,99.786,44.0,2685.0
197.560175300001,24383.328125,24564.0,100.0,1.0,99.786,44.0,2685.0
197.6203858000008,24383.328125,24564.0,100.0,1.0,99.786,44.0,2685.0
197.6812215000009,24383.328125,24564.0,100.0,1.0,99.786,44.0,2685.0
197.74226230000022,24383.328125,24564.0,100.0,1.0,99.786,44.0,2685.0
197.8035316000005,24383.328125,24564.0,100.0,1.0,99.786,44.0,2685.0
197.86524370000006,24383.328125,24564.0,100.0,1.0,99.786,44.0,2685.0
197.92586239999946,24383.328125,24564.0,100.0,1.0,98.888,44.0,2685.0
197.9859107000011,24383.328125,24564.0,100.0,1.0,98.888,44.0,2685.0
198.046285800001,24383.328125,24564.0,100.0,1.0,98.888,44.0,2685.0
198.10814310000023,24383.328125,24564.0,100.0,1.0,98.888,44.0,2685.0
198.16906670000026,24383.328125,24564.0,100.0,1.0,98.888,44.0,2685.0
198.23030909999943,24383.328125,24564.0,100.0,1.0,98.888,44.0,2685.0
198.29246310000053,24383.328125,24564.0,100.0,1.0,98.888,44.0,2685.0
198.3548326,24383.328125,24564.0,100.0,1.0,98.888,44.0,2685.0
198.41798870000093,24383.328125,24564.0,100.0,1.0,96.433,44.0,2685.0
198.47924009999952,24383.328125,24564.0,100.0,1.0,96.433,44.0,2685.0
198.54042769999978,24383.328125,24564.0,100.0,1.0,96.433,44.0,2685.0
198.6014180000002,24383.328125,24564.0,100.0,1.0,96.433,44.0,2685.0
198.66302820000055,24383.328125,24564.0,100.0,1.0,96.433,44.0,2685.0
198.7239883000002,24383.328125,24564.0,100.0,1.0,96.433,44.0,2685.0
198.78648900000007,24383.328125,24564.0,100.0,1.0,96.433,44.0,2685.0
198.84683249999944,24383.328125,24564.0,100.0,1.0,96.433,44.0,2685.0
198.90902450000067,24383.328125,24564.0,100.0,1.0,96.416,44.0,2685.0
198.97019960000034,24383.328125,24564.0,100.0,1.0,96.416,44.0,2685.0
199.03106859999934,24383.328125,24564.0,100.0,1.0,96.416,44.0,2685.0
199.09246150000035,24383.328125,24564.0,100.0,1.0,96.416,44.0,2685.0
199.15223270000024,24383.328125,24564.0,100.0,1.0,96.416,44.0,2685.0
199.2147696000011,24383.328125,24564.0,100.0,1.0,96.416,44.0,2685.0
199.2770335999994,24383.328125,24564.0,100.0,1.0,96.416,44.0,2685.0
199.33734750000076,24383.328125,24564.0,100.0,1.0,96.416,44.0,2685.0
199.39865330000066,24383.328125,24564.0,100.0,1.0,96.33,44.0,2685.0
199.46051210000041,24383.328125,24564.0,100.0,1.0,96.33,44.0,2685.0
199.52118470000096,24383.328125,24564.0,100.0,1.0,96.33,44.0,2685.0
199.58149460000095,24383.328125,24564.0,100.0,1.0,96.33,44.0,2685.0
199.64322139999967,24383.328125,24564.0,100.0,1.0,96.33,44.0,2685.0
199.70623239999986,24383.328125,24564.0,100.0,1.0,96.33,44.0,2685.0
199.76847289999932,24383.328125,24564.0,100.0,1.0,96.33,44.0,2685.0
199.83024269999987,24383.328125,24564.0,100.0,1.0,96.33,44.0,2685.0
199.89270860000033,24383.328125,24564.0,100.0,1.0,96.336,44.0,2685.0
199.95544019999943,24383.328125,24564.0,100.0,1.0,96.336,44.0,2685.0
200.01721159999943,24383.328125,24564.0,100.0,1.0,96.336,44.0,2685.0
200.0779053999995,24383.328125,24564.0,100.0,1.0,96.336,44.0,2685.0
200.13952590000008,24383.328125,24564.0,100.0,1.0,96.336,44.0,2685.0
200.19995860000017,24383.328125,24564.0,100.0,1.0,96.336,44.0,2685.0
200.26198149999982,24383.328125,24564.0,100.0,1.0,96.336,44.0,2685.0
200.32319839999946,24383.328125,24564.0,100.0,1.0,96.336,44.0,2685.0
200.38438529999985,24383.328125,24564.0,100.0,1.0,96.336,44.0,2685.0
200.44620190000023,24383.328125,24564.0,100.0,1.0,96.43,44.0,2685.0
200.50922440000068,24383.328125,24564.0,100.0,1.0,96.43,44.0,2685.0
200.57147579999946,24383.328125,24564.0,100.0,1.0,96.43,44.0,2685.0
200.63258339999993,24383.328125,24564.0,100.0,1.0,96.43,44.0,2685.0
200.69488640000054,24383.328125,24564.0,100.0,1.0,96.43,44.0,2685.0
200.75696430000062,24383.328125,24564.0,100.0,1.0,96.43,44.0,2685.0
200.8171082000008,24383.328125,24564.0,100.0,1.0,96.43,44.0,2685.0
200.87822640000013,24383.328125,24564.0,100.0,1.0,96.43,44.0,2685.0
200.94156750000002,24383.328125,24564.0,97.0,20.0,98.823,44.0,2685.0
201.00238940000054,24383.328125,24564.0,97.0,20.0,98.823,44.0,2685.0
201.06477430000086,24383.328125,24564.0,97.0,20.0,98.823,44.0,2685.0
201.1272245,24383.328125,24564.0,97.0,20.0,98.823,44.0,2685.0
201.18803350000053,24383.328125,24564.0,97.0,20.0,98.823,44.0,2685.0
201.25018780000028,24383.328125,24564.0,97.0,20.0,98.823,44.0,2685.0
